date,ret_1d,vol_21d,vol_63d,px_over_sma_10,px_over_sma_50,px_over_sma_200,rsi_14,macd,macd_signal,ret_5d,ret_21d,ret_63d,vol_zscore_21d,best_strategy
2015-04-30,0.04577785409154522,0.421927913756007,0.4718871146775986,0.026677686712720083,-0.04294985196784462,-0.18948434618404342,55.94610249354808,-4.331598560922771,-5.781631988044891,0.04308938075494573,-0.030905755015013026,-0.001188492833610999,1.5156282242497037,Momentum
2015-05-31,-0.013520747231747232,0.16162419603339542,0.31027272342535606,-0.028619817965554573,-0.0139868238089782,-0.15332431593866824,38.26495627428525,-0.5223757031888567,0.10370435031387165,-0.029209310849920955,-0.042056474460089865,-0.05159589773675932,-0.4373051847021817,Momentum
2015-06-30,0.023371595065360795,0.2861394433402131,0.2639370785810696,0.059801962367782124,0.10798980323881491,0.045038904230476184,63.7751771284325,5.4573416576525915,3.8311361040186567,0.08349702977141571,0.14854522283488847,0.16478269661192124,2.11722599920348,Buy & Hold
2015-07-31,-0.010676942077459284,0.39911873048944696,0.33990308517464624,-0.009204853575438543,0.06846548018446375,0.15201202171801564,55.74187566201129,6.094368748442719,6.926330399697351,-0.027456081311807656,-0.0008565239844390282,0.20056855556420095,-0.44624140778037436,Buy & Hold
2015-08-31,0.005660921922713502,0.8020931357698025,0.5578505498520574,0.017381497909033428,-0.1267187060559568,-0.08342724134272705,38.64837319690778,-10.785079367360652,-11.943957905597728,0.018708707937670432,-0.13012440468106212,-0.1050633153332362,-0.7087213001850631,Mean Reversion
2015-09-30,-0.0026490635765588078,0.19325850526984853,0.5002647966467232,0.010251865931570903,0.004598351274643031,-0.04452364427077993,61.4784108764427,-0.21493248006274257,-1.2867273890774176,0.003895486923535918,-0.008850902369197167,-0.18484754120041724,0.08820098337380712,Buy & Hold
2015-10-31,-0.042220718328576656,0.34891209342681084,0.2631478587412106,0.06295343231284001,0.24388367943052147,0.2618900603481895,72.76461291384246,18.06512096291027,13.592771547151964,0.10117770259212233,0.2826190489391247,0.3672468742990007,0.8078012412696486,Buy & Hold
2015-11-30,0.016232441013328103,0.6987152601528757,0.5817893973472482,0.09702828656753493,0.17783667163569783,0.4163362312797543,76.52111740014821,10.296558330427729,6.6970549788916,0.14964693424818698,-0.007721026068394532,0.5778115809885016,0.7458848775812058,Buy & Hold
2015-12-31,0.009251772096881439,0.54704354684134,0.664191813752576,-0.008402987609292034,0.09981790869610063,0.4536210697264418,39.294496778789004,8.717912895941254,14.548674254254628,0.031856764829739426,0.036314668216396395,0.37186589671095094,-0.8170671834781411,Buy & Hold
2016-01-31,-0.025083624722259446,0.7830064083275264,0.6007960601656229,-0.0442959844802695,-0.12779257162142443,0.1544524277312005,45.51569638241612,-11.943838798027457,-9.993354072971448,-0.05963492805875781,-0.17684283724083127,-0.0068059489607663615,-0.9131393999235936,Mean Reversion
2016-02-29,0.009672328710496725,0.27529589636459256,0.5223329076108612,0.013230403919448186,0.0906868393193645,0.29653511566838486,74.15953164991357,10.85737417840869,9.329906758163347,0.029984362572868406,0.17204583663578754,0.036511404949455706,-0.7616698752925339,Buy & Hold
2016-03-31,0.004611669609792424,0.1810988324561199,0.26204613570730245,-0.0046368141837630494,-0.0012379159734658973,0.13916549831519776,45.80946441397956,0.802630303715091,0.885499902100834,-0.002909481861630425,-0.0009637453104934801,0.09582186784535485,-0.6088096754745588,Mean Reversion
2016-04-30,-0.014895707782496825,0.2279213432824856,0.19937491839361635,-0.010035496841490632,0.04940756794001855,0.13372470372576806,60.102480497816025,8.279997930173465,8.03787253683917,-0.028407592668442505,0.06892280288665131,0.0365278294319471,0.4062638783056288,Buy & Hold
2016-05-31,-0.004641682676279957,0.46112026219562813,0.3088474155119562,0.10076397733084885,0.16965027107218145,0.27085323760168456,79.91380046588874,19.00183574114226,9.268328718298354,0.17204396974870306,0.17851384308024,0.27578771893781506,1.3590596528248917,Buy & Hold
2016-06-30,0.05226985838745257,0.890583433709492,0.5918712902330509,0.04198873578175655,0.17616240683462947,0.46404508993824267,37.76023926093954,18.895826387668535,29.666003639803815,0.012349579600591909,0.17177482793467003,0.4996002227116998,-0.6135344180982026,Buy & Hold
2016-07-31,-0.04635692848404205,0.24796976298576706,0.5920839195891365,-0.04181913796907,-0.06746530282492058,0.26453790935282484,18.34591292570751,-2.779067788700331,0.6389850154491954,-0.04158274282695229,-0.0380050444050134,0.18708075029799454,0.3241886614717525,Mean Reversion
2016-08-31,-0.0035168750500036428,0.14883348461746942,0.3757806853853453,-0.004150255429786198,-0.055962075899017694,0.0980977948555588,52.53549222655757,-7.8979950536689785,-9.793992231754325,-0.007209538336413912,-0.028088088917696874,-0.10067047197251267,0.3689693031282518,Momentum
2016-09-30,0.006673334895926697,0.13638399682326965,0.28788187143028504,0.010481235121295951,0.025501318512517912,0.10489562144954268,53.24523885336615,1.6269228890182603,1.8814589058120141,0.014827914818193122,-0.021073782294973364,-0.07192936706515896,-0.07984829712023907,Buy & Hold
2016-10-31,-0.0012709425062655821,0.2550454640768078,0.19557879039407383,0.030947736457632047,0.11407298761501816,0.1949420452509787,77.28633115712029,21.323112407478447,16.140600981428204,0.03341859728310137,0.13243741272332032,0.2209779560626648,0.9039148822886314,Buy & Hold
2016-11-30,0.013712507060988921,0.23356099335380795,0.26915589060500456,0.007465613643887314,0.06665151850631146,0.18699582359798406,50.821429362985064,11.444849958953682,13.946214855244161,0.005450007024010883,0.030995168397242034,0.23310140308748695,0.01420002152965148,Buy & Hold
2016-12-31,0.0026060194719346175,0.34472706776872486,0.31612538090736275,0.03664660898749528,0.21639719190133877,0.42793641209803024,83.97398091476455,53.830893930104025,43.39929783624105,0.06184704499887772,0.24410114320463205,0.3488751603447935,-0.4687643224730739,Buy & Hold
2017-01-31,0.05434808053482265,0.6788838583908933,0.6036071816928024,0.05374118951137774,0.08319868374421846,0.36243031345434007,67.22136833741284,12.846430637746835,7.23853239279229,0.05756083537224854,0.06910372269265874,0.31919213324509443,0.5852854383712115,Buy & Hold
2017-02-28,0.0,0.3577131913683244,0.6104055702662289,0.037795162530717574,0.19778083278381375,0.5258412807038522,85.33839680335461,53.43805417777139,45.04516178501857,0.01135662398237236,0.11176331826992425,0.2644368860335409,0.36359735329492704,Buy & Hold
2017-03-31,0.044191988716200115,0.8542375068889262,0.5900846821099293,0.051200792016538266,-0.03448147466538276,0.25037012626784705,47.79183416521038,-29.57327285241786,-29.79851132649363,0.1086814410819188,-0.040233839117550296,0.1653058320875238,0.4673263856628331,Mean Reversion
2017-04-30,0.019745931513033055,0.2260673008753139,0.5689147462509077,0.0562093559653134,0.16576545345940952,0.42399292326554705,85.3560564474054,48.355623466434736,38.40672003544602,0.06511313803343599,0.1347117278734391,0.15678859520447608,1.2939639641544474,Buy & Hold
2017-05-31,0.050995850505991314,0.7731685508040148,0.5121746086092099,0.02268099575151239,0.389812282044792,1.014552308398895,64.86903086385638,175.65736879962537,185.92085335615022,0.03813532078972082,0.27937525857795764,1.1985345505346952,0.6664564896275645,Buy & Hold
2017-06-30,-0.02302977919066862,0.6415880452621853,0.6556470500803838,-0.04448566165378198,0.03286164269802061,0.7495536566237637,48.042878543475304,27.94598167437698,67.76614475320208,-0.041928403730526864,-0.12145645903461477,0.8844495356528621,-1.4025633680830292,Buy & Hold
2017-07-31,0.042855438955589076,1.2103604503382386,0.8507232554862446,0.05551657136638877,0.12805246706995055,0.7221690165905026,67.84249950374394,88.77925209132354,53.44165345790579,0.13674519891508496,0.2119145635431796,0.27475048920448897,-0.8096578544076243,Buy & Hold
2017-08-31,0.030247812397657503,0.5367105653721098,0.835651846315688,0.07080259678558787,0.39667796485286355,1.2135374401109003,65.96594734380473,330.2846331266369,333.56048462452503,0.08064291936639223,0.39100875880333485,0.8522242214852243,-0.7413294888490911,Buy & Hold
2017-09-30,0.042190053046182285,1.1356824206225369,0.8405883788355198,0.1002855961248188,0.04554216913033571,0.6937538152367886,67.58890750154035,26.45693520385248,-38.97659172649123,0.1051025288375862,0.026656010748042913,0.5913404018557715,-0.6105172115438336,Mean Reversion
2017-10-31,0.0551127111404921,0.6560604907067171,0.8216967717498218,0.08881361648271624,0.3503700859548722,1.0078066552051124,69.15345205619013,370.8185026214396,369.10570326742356,0.09544217475563732,0.35265853448342765,0.4126166460844418,0.312712261218692,Buy & Hold
2017-11-30,0.034887536827456156,0.7761974671021425,0.6316047393519733,0.12781727945588073,0.4574487434991541,1.4491923498247452,81.78020738246681,888.2275908953216,705.0713405734547,0.16411020693182388,0.43255895467767314,1.451320123038459,1.4367645072737134,Buy & Hold
2017-12-31,0.09297263608914186,1.1925951897875606,1.0878733629890314,-0.022300774856173988,0.12186897770417904,1.2897562533232403,31.641253504653903,205.84608318411665,753.0146813326265,-0.12070953910226101,-0.08404829167596028,1.3004135892124826,-0.706965637239643,Buy & Hold
2018-01-31,0.011359232053877344,1.0181372190800662,1.2129618316916924,-0.07451780078625092,-0.2792713660798273,0.3069927874851319,42.91738001396049,-940.1208281794006,-877.0837007506357,-0.0850655019085601,-0.31737828383191724,0.03362345627866348,-0.9756442218408407,Mean Reversion
2018-02-28,-0.030552997565149287,0.9257026935477921,1.081455087761907,-0.005875098018281233,-0.01949008695909049,0.18891005659188065,56.69028963390597,34.31451428721812,-82.53336400040703,0.009397130881241278,0.3643211338084016,-0.3435047264182214,-0.5670746530863405,Buy & Hold
2018-03-31,0.012046952245941878,0.7112742670723594,0.9244599890231503,-0.12610941977831813,-0.25921785665336927,-0.26401358276043085,37.18048266355563,-642.1182173956795,-512.9257738793553,-0.15054334624488452,-0.21345253945902887,-0.39046302533008825,-1.7425523434736416,Mean Reversion
2018-04-30,-0.01895410931393615,0.733518688525828,0.7212069002033639,0.010461237917781085,0.1359576333911663,-0.0814052481048807,63.64511483140194,389.993240368085,297.86893723564236,0.04463273393200606,0.36477895756341483,-0.10863151913414171,0.7023870510787468,Buy & Hold
2018-05-31,0.011834154516914053,0.45800220263142044,0.6002947612877193,0.0005507244867033467,-0.12204029459599663,-0.27909261376602423,37.380196745010785,-376.50756608343454,-325.7731652069143,0.018799931655439917,-0.1713600968362471,0.04583916680987721,-0.5395152059079724,Mean Reversion
2018-06-30,0.029863499854496434,0.6511527695858398,0.48953401654035283,0.02999830061249953,-0.11804049898578761,-0.34697985040680634,46.616256114423486,-327.1054884859295,-359.93553742859257,0.024774421582330897,-0.14975875976751474,-0.3149688848998271,0.4189644196072026,Momentum
2018-07-31,-0.04890178082675012,0.562359386825547,0.5331894883311095,-0.030153061018914462,0.13382241166345876,-0.08274283708629382,59.159134251728204,378.97399515916186,344.9682095863104,-0.021522783526957245,0.22914710247923864,0.041197242735560025,0.5239607140502661,Buy & Hold
2018-08-31,0.008505036065358018,0.31225303393236387,0.48179758323231375,0.03272260651840542,0.004005808583430026,-0.10975500538927396,63.14714830478472,36.730336753442316,-55.39908063975495,0.04924817645991686,0.13789977583010526,0.13175309958839665,0.4341330799842123,Mean Reversion
2018-09-30,0.003574710812529469,0.259429054138588,0.4037698515559883,4.1662423715171926e-05,0.0031519581692605048,-0.10064768562204085,54.14651278353366,-9.495323950992315,-31.364183003623413,0.02778107053649692,0.0515326800401823,-0.19381975575896626,-0.41110167765437977,Momentum
2018-10-31,-0.002630161991615365,0.26516722786567415,0.2957330890980782,-0.01841115458170628,-0.028969597582898743,-0.1197595625500224,17.667284744611294,-42.79286193663302,-28.970856453049528,-0.02426968403702845,-0.04068312354746162,-0.10352401205494455,0.34817292869856514,Momentum
2018-11-30,-0.061132857655723294,0.8946380032365215,0.5539641238369516,-0.028691205456937707,-0.30972586193070306,-0.394915367782917,26.064402669084302,-588.9687900312447,-553.9254222137043,0.0018201093867780127,-0.3708882644185735,-0.3953657400527868,0.2633103799992482,Momentum
2018-12-31,-0.03188145558095512,0.7378928399276841,0.7257675423261036,-0.03469893799448054,-0.09507161385469554,-0.3803125383065916,54.71416371027317,-61.925993196602576,-106.68338520384604,-0.02970918493513497,0.06853211768218026,-0.40898165395529384,-0.6158108593755391,Momentum
2019-01-31,-0.008143269325041613,0.27766834261923734,0.5826065583360773,-0.024305568257112387,-0.06840823018940245,-0.384229303957214,29.263375238661325,-86.27491972587904,-76.83826905893645,-0.0401580327247586,-0.06010773863344143,-0.19188674344790724,0.719206686006654,Momentum
2019-02-28,0.0009706546704713048,0.4836386459734445,0.4386545818738208,-0.01919849926670658,0.05214491634310958,-0.24490323777926482,61.255829437031224,73.79080601265014,75.81627411587486,-0.06946037168069619,0.13393661239295285,0.05470889563384529,0.45022994727337673,Buy & Hold
2019-03-31,-0.0003058103975535076,0.1591680692511967,0.31982231562024915,0.01376201124280696,0.049214555735466625,-0.12489172791528058,60.24911365225207,53.170778405153214,51.61388133103409,0.030193487170869338,0.03892206930378839,0.14549203388246434,-1.1099221493246616,Buy & Hold
2019-04-30,0.019700224573813152,0.33985749550945615,0.42324144877945324,0.002149498393827498,0.13436671763515595,0.19269177199413456,55.85639853166689,154.94050972581044,200.17528261198373,0.026909225034710493,0.028005615513677418,0.3882277378550685,0.02609460683158502,Buy & Hold
2019-05-31,0.030654502684543283,0.8894914148499996,0.65568960182457,0.028682077365619563,0.31172151003308923,0.8553133347850115,68.1835851766684,608.7327478455618,633.5975635004907,-0.011381460952039735,0.34420830315152084,1.0921714032251972,-0.41429001914901903,Buy & Hold
2019-06-30,-0.09550801721584046,0.9280723733265356,0.7800369605526695,-0.05018137055477323,0.21963843371343295,1.0083682694173537,59.96314129203415,968.9495393957495,875.1767377295076,-0.08258574964060905,0.407003996524143,1.0467115331581356,0.45717276906739857,Buy & Hold
2019-07-31,0.04977443590680308,0.833369895907807,0.8260967026771739,0.028299137139140118,-0.03899216185839949,0.5629380203030767,55.582333608534185,-276.27033066855256,-208.96756112202536,0.02181535898549858,-0.17035187783940076,0.16469111563083083,-0.6427928014532989,Mean Reversion
2019-08-31,0.0033850433381186207,0.4941258524549222,0.7054164719144829,-0.03584680290258824,-0.07805212159569808,0.27577781021936776,40.69261961417163,-276.28883673617383,-181.12386863406363,-0.07136911330995543,-0.15178409775374768,-0.19471818484393288,-1.7296004615885094,Momentum
2019-09-30,0.023405512631758718,0.4595826351341187,0.49129456507961056,-0.056890979603004044,-0.17014886891948655,-0.017486403843475884,15.402810009166771,-568.5222624372018,-391.2158397294487,-0.022755408925951848,-0.19749506142579043,-0.12871715667592198,0.36738924762420067,Momentum
2019-10-31,-0.000667150118005666,0.7066528846019471,0.5264718809333656,0.04978667529062175,0.0422040582480947,0.016614843559404457,64.02953533736809,169.68633466499523,-2.7993949706864854,-0.00490944613901223,0.0714043220003664,-0.03266127189710477,0.6536532534169358,Buy & Hold
2019-11-30,-0.02468853937775628,0.42809473073652704,0.5075477259752269,0.02188464703186277,-0.10026037831928403,-0.19803256046461426,32.490859216245326,-352.79995759289795,-344.05174125119004,0.05926226771715082,-0.14114036086881177,-0.08201456758240966,-0.8429182635599658,Mean Reversion
2019-12-31,-0.013628967865274233,0.44609475852933206,0.3845382683643493,-0.01755238349539545,-0.04435757850071331,-0.22724907778749737,65.71557800099893,-59.04484002215031,-91.26077915066077,-0.006267147930673622,-0.011612959407373946,-0.2369709834894559,-0.16761529243368886,Momentum
2020-01-31,-0.016664631518128026,0.43049208875067413,0.42422625445774964,0.051305616943086774,0.17676562473818347,0.04942616985597792,59.46489558740391,362.7705741719001,313.6121387909827,0.08767175946257444,0.14497853914561842,0.2047720334164893,0.0537433409376362,Buy & Hold
2020-02-29,-0.008411261679117432,0.4359409036426777,0.42760577513510384,-0.07284398169629847,-0.07122187971771943,-0.019765252838812253,28.22735643354804,-147.19299799627515,43.76945680678284,-0.10887533509907477,-0.12829144113938373,0.1751189211305293,-1.699200128645321,Mean Reversion
2020-03-31,0.0013690436954885143,1.6877363668216914,1.0215702108920142,0.007906008436777245,-0.1872515262492399,-0.21953606243907053,66.63333199869679,-369.6999895448389,-516.8478639188946,-0.04136058397981279,-0.18598423149495846,-0.3120069755434408,-0.9385788119536566,Momentum
2020-04-30,-0.01618949646720247,0.6272525354989784,1.0645129631102521,0.12026524522480053,0.2892561755622207,0.08306538933450325,79.39307067046299,369.5748823599097,209.70906950517661,0.14380804153766924,0.1857638669475954,-0.01433667410683015,3.0165976310820977,Buy & Hold
2020-05-31,-0.024674768232348376,0.47655633433940753,0.5627536258107506,0.025793777452377764,0.10709879528577759,0.17164596965827883,46.143361972869734,199.37083119121598,224.53754604771845,0.0708547960262158,0.08046976636032555,0.5976004638390864,-1.1881710624305,Buy & Hold
2020-06-30,-0.005751513982724221,0.2902989277164574,0.5219939371898127,-0.015739098937411544,-0.03025182800225712,0.09378787626284901,36.391451735286566,-72.96808671845247,-28.616618551590502,-0.01368838269877981,-0.06714242148455407,0.1704783631799549,-0.9736372881889382,Mean Reversion
2020-07-31,0.0191025870102548,0.3961751268773331,0.37468455918328836,0.09231915623198339,0.19201376202398301,0.30347282941821896,94.15314335988896,478.85647251842965,268.35919461594113,0.14318787414751877,0.22035796667452168,0.19963110652626725,0.8098302143336739,Buy & Hold
2020-08-31,-0.0026201196706430174,0.2964351554576056,0.3558189654031924,0.009221874608816849,0.06628208734044105,0.288964736747922,37.551776815855106,122.5545810138101,191.60255045981137,0.016752345528984636,-0.016609628431235035,0.27091777183819477,-0.2034867380746949,Buy & Hold
2020-09-30,-0.00554646448346463,0.31065471605278416,0.4005918792435685,0.012015687320433788,-0.026530574653387373,0.15328857953943964,45.47748250917799,-39.36997628556128,-75.88139262590924,0.008582890186460412,0.052931571245453446,-0.028465157410402675,0.6666177620640398,Mean Reversion
2020-10-31,0.01730869726353168,0.3363308840394755,0.38424179335642006,0.03770350555037161,0.20419958857084297,0.35232114704513884,85.51335155776523,669.9119118720428,572.9216485262134,0.053975807402076414,0.2199499216510017,0.19763244258904544,0.14797821811377362,Buy & Hold
2020-11-30,0.07967832801396635,0.5530065890131973,0.4517873574770173,0.07247524459969856,0.3106130739078301,0.714396295156321,69.49153562443004,1017.94503836476,1092.3509688494528,0.047710285411735276,0.2800307968814082,0.8325371643789499,1.0538777162574875,Buy & Hold
2020-12-31,0.005574281038085438,0.5226677631651524,0.5446179181000365,0.11363314486790621,0.4248732481173041,1.1667264360392848,81.80034760853746,2427.726109835872,1973.4912019047442,0.09701100706328858,0.5878309941447928,1.1582061034307745,0.3462319686022977,Buy & Hold
2021-01-31,-0.03370820328466961,0.8976346577803636,0.7347900112381943,0.009898367468512248,0.0798778904106272,0.9103582000525934,42.34585912577015,338.30535670745303,739.674907417565,0.016718215532326663,-0.13666758017848413,0.8217239906168259,-0.7705700336364127,Buy & Hold
2021-02-28,-0.022747754528746222,0.9356238668020814,0.8354230292847867,-0.10975172821056367,0.09733150489271347,1.0214486952256645,42.97293686895139,1965.5606824471251,3344.9137426833026,-0.07550844051945371,0.1602513273799584,0.7180748642429069,-0.5265933926112797,Buy & Hold
2021-03-31,1.9359634988669328e-05,0.5322792423545891,0.7147009593404927,0.05893928414183702,0.11205724417286711,1.0240924008569494,50.15149001390468,1419.834370253935,1458.0171151113643,0.06858367518819497,0.05196137392246669,0.9360467026718413,1.2478731424317488,Buy & Hold
2021-04-30,0.07833176806484676,0.6476586580942357,0.5689428047817296,0.08756984354262265,0.011705705965312507,0.6010604701774889,42.58263601799045,-899.5839566377836,-932.1810986645089,0.17847270752722433,-0.008495632102565653,0.24623376640892647,-0.6753749972170436,Mean Reversion
2021-05-31,0.04637929771620186,1.0368040470455413,0.75839975848651,0.007712643181501999,-0.2566832342200084,-0.0934778655432773,39.418155509395405,-4365.531009642989,-4424.305446544298,-0.049914333133021516,-0.3316686139713071,-0.35354585830365437,-1.206859066278817,Momentum
2021-06-30,-0.02305527321430456,0.8051669923310442,0.8711723933153447,0.04169006576645051,-0.07266314343497715,-0.20053509337102737,40.98294289682258,-1225.294144898573,-1541.1717433580127,0.10756306909825164,-0.06170244167813499,-0.3608568046851599,-0.9052846566600017,Momentum
2021-07-31,-0.014427457617713135,0.5161336150890263,0.6659525602481927,0.10664455130393269,0.19412656132887252,-0.07010603122378345,83.00401577903929,1845.9010184922154,706.5575730707378,0.11486189804181857,0.24181235537514167,0.20251084637924976,0.04125345309585244,Buy & Hold
2021-08-31,0.0023738850726162664,0.5033644006458555,0.5045128540031685,-0.0244527026957152,0.13494958918906708,0.022602707027896907,58.20316187247744,1637.567128255083,2101.339705592017,0.004781809551769323,0.03469683373311283,0.3150156210674384,0.5669810647287703,Buy & Hold
2021-09-30,0.05356827518164842,0.6105114691185515,0.5763325789696129,0.026620915783371668,-0.059680510520083274,-0.032703486050672526,40.45485525541388,-1227.023970066497,-1003.4163443307441,0.02514949547563128,-0.05605621122708904,0.09454191090235309,-0.5274846049217571,Mean Reversion
2021-10-31,-0.009208042570786446,0.5147805325654159,0.5935730163804069,0.0036482826925277045,0.160661015925192,0.3538702978185615,49.472079060978636,2289.3556022910125,2846.484635992332,0.01582345998361112,0.11953971622485549,0.25576833833889157,-0.8306639913131102,Buy & Hold
2021-11-30,-0.013858989986877734,0.48414728437758797,0.5304895941690088,0.006115575971335385,-0.062071310594491225,0.2369007356131818,42.860506046949624,-1315.9759607088708,-1056.9982737906296,-0.004701098421136418,-0.14881484682108637,0.38920581678374444,0.21634024780434047,Mean Reversion
2021-12-31,-0.018476352917798256,0.49936447716310234,0.4909702798826637,-0.05426250501481533,-0.12519984262755146,-0.03168499703874428,50.42531236988238,-1270.1194969782373,-1353.8106396373046,-0.08862651527196097,-0.01983052161987897,-0.255857950219452,1.7724845286738975,Momentum
2022-01-31,0.01491453610450133,0.47455592325864443,0.47176871461099446,0.036641184408809924,-0.12125636720035204,-0.21257559145448235,33.7165432765767,-1957.2027037049847,-2246.2296405285088,0.044258074103816325,-0.07981912982920336,-0.33427761943945467,-0.6557442026865603,Momentum
2022-02-28,0.1454118392886461,0.6942596723953365,0.5845352811422813,0.11103308430479131,0.07094030618891334,-0.12218532688576356,51.45915389999837,-461.47016144556983,-533.1106238855257,0.15810204565977815,-0.014759274008913525,-0.1470600736025841,1.4378957202612561,Buy & Hold
2022-03-31,-0.03238210822970233,0.37641915005607623,0.5967860428564697,0.007319389309723867,0.09899761648225036,-0.05699180849520158,71.5028491071821,1695.1997567239741,1249.4188919143153,0.023321985229909803,0.15470607637289646,0.226193882063086,0.9718539410447791,Buy & Hold
2022-04-30,-0.023179313474195662,0.4236017723852888,0.5488366480609911,-0.040673578342018235,-0.1017314548667767,-0.20348358783520637,38.29235787989836,-1043.4890224855626,-891.9562486599135,-0.06780890474926593,-0.1184433996848312,-0.035552184125371866,-0.46070038381241085,Mean Reversion
2022-05-31,0.0020777630413166825,0.5838584619337546,0.534356820082078,0.06572975571747897,-0.08729653255305103,-0.2541706371783683,55.93570115228064,-1197.372114048816,-1794.3984938424983,0.08627691799280335,0.024801167584838968,-0.33020496613222683,-0.04404848401521685,Momentum
2022-06-30,-0.01588223750298734,0.7990814104685543,0.6776125839185411,-0.041668224502069195,-0.2548232714245158,-0.47862606012038655,45.85072803176866,-2102.9826705259184,-2317.967070168495,-0.07988021288019465,-0.3429620136232294,-0.5025692146020959,-0.44304983403200715,Momentum
2022-07-31,-0.013497960448739299,0.5674697567198631,0.6548726128084392,0.0237131065783176,0.09130493731239597,-0.3150537096035144,65.67461433731279,460.5334968597017,248.31610052628267,0.09873667027318511,0.1187149538179213,-0.20746687025290633,-1.0503451676179434,Buy & Hold
2022-08-31,0.012777568511970205,0.46223846902097193,0.4783779579373263,-0.026644627857190906,-0.10265946230272949,-0.3596514573537841,26.979962993954373,-814.6332997398058,-586.8687127662964,-0.010377870517384813,-0.1627667063066376,-0.0026989505754251297,0.4710044063381348,Mean Reversion
2022-09-30,-0.0072171538473359,0.4562889377175569,0.4664447087534088,0.013325923450487664,-0.05801012082328716,-0.3124537053941586,46.44893018341167,-367.8575097722387,-445.2833262085228,0.0334904869532302,-0.09117204021137926,-0.18369717291769294,0.4913826004392655,Momentum
2022-10-31,-0.006776156462742766,0.24673655320725768,0.4062510343737585,0.015556706034572265,0.044325054439652956,-0.1662144937765494,61.82292491354824,292.1778019352387,142.22312457633026,-0.013223983225862046,0.07075151727881601,0.009743785297442686,1.0506811673858418,Buy & Hold
2022-11-30,0.044000289316970864,0.4895610053010424,0.4994397982502429,0.043974753578724046,-0.06910644942156541,-0.20726781186149956,57.9620257423867,-553.2926684585218,-707.7236235899899,0.03914361469659666,0.08109086018691891,-0.1162396027298499,-0.16744681581299006,Mean Reversion
2022-12-31,-0.0033181483870876605,0.2523799630974731,0.4893434525045371,-0.01090293817345711,-0.014566836479358636,-0.16170412387007094,42.46623537004702,-138.13180496834684,-118.99032696618363,-0.02200430800628883,-0.03393297101098103,-0.20515336249162686,-1.1165469296505153,Momentum
2023-01-31,0.013097316769725253,0.44378772310467385,0.3288226925999283,0.004720126264889268,0.21991525150248048,0.17455223858723135,67.14463006513373,1324.9411635740034,1373.9182955165054,0.004624099724729991,0.3263151802261002,0.40707254100468293,-0.6690018806455551,Buy & Hold
2023-02-28,-0.01596393470118429,0.46123021539532555,0.38756388625078814,-0.028786797844281065,0.02566127007874419,0.1720334742877876,56.56398890525605,325.0705843465803,491.5685396905807,-0.03341221141697048,-0.005026480279216816,0.38464514119497006,-0.8104876119847348,Buy & Hold
2023-03-31,0.015871042968584437,0.5870106135813001,0.4987343986843341,0.02480315214923512,0.16387334946996823,0.3989845438293851,56.375546181535135,1219.9173099861036,1205.9636328664228,0.01729472702235957,0.41071679604298383,0.2339711156842632,-0.9816424212547701,Buy & Hold
2023-04-30,0.000694680667924441,0.3794643174636142,0.4613825456596167,0.029602866447968168,0.04343089138910883,0.34473822999572334,43.434675862292046,252.09373244360904,281.0016366335684,0.03395586570246367,0.033027006749102306,0.24224532822209044,-0.7558352514453646,Buy & Hold
2023-05-31,-0.01742420455507676,0.26372866864137307,0.3008682745111656,0.003566611171102352,-0.031549623448258735,0.1834801139282478,48.28384431446951,-134.5080565167773,-266.9757234842716,0.018726813791855257,-0.014557280800580497,-0.03981817507879415,0.8215981757156856,Mean Reversion
2023-06-30,0.0010477918298796851,0.3598630855334816,0.33987986391876673,0.0037557653220134934,0.10916816785528516,0.23623670684287368,80.59748779091268,1020.9901170248231,797.3365347938563,-9.874474349247375e-05,0.15093732445726316,0.03875187771922306,1.646228203227589,Buy & Hold
2023-07-31,-0.0015438698273756435,0.22111875261098127,0.3132800118783194,-0.005805222518671438,-0.00732418649013411,0.09564962800798038,31.958681171197796,-149.42299892386654,-37.46199084824268,-0.0042534983625138745,-0.03894065382759759,0.05349357481433947,-0.14283815490217996,Mean Reversion
2023-08-31,-0.0500340578984273,0.39296305406553206,0.2764854819436994,-0.01712839389662768,-0.09293513542262133,-0.05779888029894753,43.01958123736281,-645.7448499760758,-738.4961030290449,-0.002960199328148394,-0.11886400480065273,-0.14826167787826805,0.8472668100241509,Momentum
2023-09-30,0.0020881352448591795,0.20518493520973383,0.27006068404646927,0.014773532591395355,0.013738932329237619,-0.037065879460974394,57.181505043932155,52.596116400869505,-24.270212321946026,0.02545529380187861,0.041406071401122846,-0.08137781887281414,-1.8039817982726027,Buy & Hold
2023-10-31,0.004794395311462418,0.41301234361978173,0.31814634779534895,0.027652911484105314,0.21420164798139774,0.22630397974614058,90.6762282322701,1943.2893849282045,1608.707876478953,0.014964372556495853,0.2656623171856767,0.2503080176875516,-0.15401716299881324,Buy & Hold
2023-11-30,-0.0038497596002547985,0.40100287074782065,0.3592320328874994,0.00785433092361143,0.09856218067320888,0.2788145468626937,61.85962395748589,894.9141866877326,1030.713493316577,-0.002223650960796797,0.027787796589960667,0.3956545962452418,-0.1875997534081056,Buy & Hold
2023-12-31,0.002568622223877659,0.35309779355150017,0.3538375309993368,-0.015897002386692782,0.043936506337154846,0.32342671602801376,55.33327472608824,518.8085939732191,844.3987160391852,-0.006002173772645669,-0.03459392699759256,0.22371299855652405,-1.0358440712241328,Buy & Hold
2024-01-31,-0.00861423582021903,0.416531252258285,0.41012469863212236,0.02816853293260224,-0.0068669582042995,0.25311616768553,49.109298151639315,-179.6079872441187,-392.543344860313,0.018311613350584954,-0.08675455073009641,0.12478345037760885,0.14403923042426556,Buy & Hold
2024-02-29,-0.020900898468654838,0.4463023961294974,0.4261652727736276,0.12336728144910802,0.31388938120694476,0.6567906406437458,77.79108280971637,3421.1573435775063,2588.345534897113,0.1866797675115106,0.35091096549934764,0.43564301181803167,1.9327978613465737,Buy & Hold
2024-03-31,0.02424203264779501,0.6468949670217462,0.5147674541134655,0.03970684268106117,0.14941680677534896,0.6459010005191697,55.364054016031204,2135.4553251199104,2239.9561707262174,0.01922923436583801,0.033524579058112014,0.6969820591031857,-1.4354559663092459,Buy & Hold
2024-04-30,-0.050191249309274655,0.42266162605321217,0.5694777983048291,-0.05505305238451319,-0.09348470384238328,0.23321728074918902,40.25950307289871,-1080.1379236353678,-778.47148017522,-0.059627012675651625,-0.12297195844332642,0.06221356377218745,0.3621684642203479,Mean Reversion
2024-05-31,-0.012778150001159894,0.4431613074100497,0.44685676987193956,-0.01398590112654563,0.04070760659340622,0.24682185054715422,51.382232947071685,1104.728558161747,1211.7611827567932,-0.014984066708656818,0.11018803567523916,-0.034358518991464804,-0.057942116942470846,Buy & Hold
2024-06-30,0.029413551620566913,0.29139976298313264,0.38497473589007425,0.011081245834064779,-0.056256963568158125,0.07853771976805723,35.47186669948782,-1665.570194831591,-1412.5146202678513,0.014135707851630208,-0.10007035378689466,-0.006891383894781833,-0.7403852941294977,Mean Reversion
2024-07-31,-0.023893373992326827,0.3641126834573856,0.333900532339797,-0.03015416069990917,0.02177324342794873,0.05766180165012735,51.80992157482122,1203.310503065717,1262.794273917619,-0.04848641579689916,0.11909346445787494,-0.04378406648974176,0.065962876145235,Buy & Hold
2024-08-31,-0.002530098940268344,0.4096813774249689,0.4944315671210906,-0.03624867177945856,-0.05008270424498518,-0.07398342536405345,48.35540753330186,-359.42482714205835,-211.14481657799286,-0.062193394742235286,-0.03242083387599437,-0.0314922485282606,-1.9273763487255526,Mean Reversion
2024-09-30,-0.035130555094979754,0.3044994255200873,0.4782579723041732,-0.016076626278901163,0.05008924327648301,-0.006131060125856735,69.44540228695331,1572.8873829406366,1343.125162806224,0.0029513175204280984,0.11066321088831876,-0.05223613516226977,0.8655369456593217,Buy & Hold
2024-10-31,-0.029366396164960396,0.33665045001634286,0.3339680570696845,0.019496685429737814,0.09005818713638503,0.10828609563406055,58.735532490173995,1948.3727082193363,1663.831483790809,0.04775806519115844,0.16492359953214053,0.18230913743225674,0.6649118784494449,Buy & Hold
2024-11-30,-0.010388394458550332,0.5312497121400357,0.43263633371052357,0.0006057218842565604,0.21990419685879936,0.44167956469975445,62.04190873118796,5191.3524976102635,5794.3645335873225,0.035947102540266895,0.2561927288138266,0.4638412050627376,-1.6151691988566639,Buy & Hold
2024-12-31,0.008484077565384274,0.38827734754691173,0.45278185361400314,-0.019109195448259175,-0.03154368854106038,0.3062769343358658,25.590099571379483,-719.8601173177594,281.5301035214975,-0.024701704297549143,-0.03357861012868846,0.2847713253109643,-0.6948494862864947,Mean Reversion
2025-01-31,-0.022249243050878498,0.33810410944419506,0.3635798678287561,-0.009712219437829295,0.03145898020984994,0.3209434511924989,45.17332177708167,1512.2492029304267,1652.0316667792117,-0.0027022770433131615,0.08134585118067594,0.05072258082616732,-0.44411493777007816,Buy & Hold
2025-02-28,-0.003910297790814532,0.3059200159661676,0.3415239225027467,-0.0804286168924756,-0.13824626439846155,0.028987076972019077,17.93970142446318,-3273.940746873486,-1967.238004723497,-0.12361513721183903,-0.12593176457581645,-0.10398626013452805,2.1392039194804937,Mean Reversion
2025-03-31,0.0026038970780313253,0.3942183244623128,0.4521114632789003,-0.02971485019267439,-0.06727610631632996,-0.040697649319614504,45.78525907154796,-1117.9041430221696,-1149.477706016201,-0.05007968399342888,0.05115002880991182,-0.19139206613432203,0.23958776899524517,Momentum
2025-04-30,-0.0008217291810309613,0.3486578249700116,0.5029734378119599,0.007352780364735079,0.10010524614390248,0.0506075039054279,84.99029719964983,2931.4306057905196,2279.9395499822813,-0.005417913756789683,0.14088412792093763,0.11690144667412405,-0.1395094661589075,Buy & Hold
2025-05-31,0.006149348357177731,0.25569178415966887,0.37797064148436305,-0.02780112539859292,0.06578278877032462,0.10451464177809244,53.175877752960645,2188.976375591694,3146.2868249011576,-0.04388027526691729,-0.0005562217514493151,0.2668420337269617,-1.23918915508604,Buy & Hold
2025-06-30,-0.011535062936840146,0.23392393731128097,0.2779377846794402,0.011544524909093745,0.010609780547920389,0.11305102424009794,51.06974232188733,581.5604020949395,312.1769659776977,-0.0021043147183926747,-0.02863947917659071,0.12799269244436262,-0.585023156096975,Buy & Hold
2025-07-31,-0.017592832754910526,0.16736387897220315,0.24093559013782476,-0.020315151723525715,0.03675709721301579,0.16889385173564686,35.9253553454694,1535.495393939491,2165.642959460265,-0.018560516565154894,-0.0019743557377894794,0.09576180406289092,-0.16348604746670548,Buy & Hold
2025-08-31,-0.00525107534173741,0.32178421111948674,0.2608894460683368,-0.030880629363623013,-0.06803749620630695,0.06893096119129516,33.429877076685415,-1931.6723106397694,-1193.012540988494,-0.03189499634540216,-0.092786419461649,-0.0013734242904365201,-1.3572855905950454,Mean Reversion
2025-09-30,-0.003009577997342028,0.22694444917843465,0.25279811198629754,0.016161453358531475,0.0036536104599336205,0.08873412605917763,42.07440372911735,-346.6394203641539,-259.66511102368577,0.045913154666514355,0.0226443708317019,-0.032784871639690794,0.7827888058191622,Buy & Hold
2025-10-31,0.011547120379193476,0.2948673740881248,0.2853949869247714,-0.012917638945173948,-0.03962694290565505,0.0005949449650710648,57.27605772961496,-1095.1266042729985,-1143.864099214666,-0.04294728951215265,-0.03231218100562683,0.010564701536480037,-0.38601617293900836,Mean Reversion
2025-11-30,-0.0007425028351905061,0.373283785007213,0.36378608245388866,0.029641316731774392,-0.11319041072287739,-0.17254373909076137,39.09549714504588,-4043.5065826615755,-4775.83657793731,0.02924185866041129,-0.1117532535432979,-0.17167991911841118,-1.4692507730493058,Momentum
