month,Adj Close,Close,High,Low,Open,Volume,daily_return,rolling_volatility,sma_20,sma_50,ema_20,rsi_14,best_strategy,regime
2000-03-31,95.24880981445312,150.375,152.3125,148.4375,149.625,9249100.0,0.0113503030538693,0.0171268587994121,91.99522514343262,89.6511360168457,92.876626304872,71.96117051823373,momentum,0
2000-04-30,91.9035873413086,145.09375,147.859375,145.0625,147.0,8743400.0,-0.0062069644292493,0.0213225476683016,92.81904563903808,91.02436386108398,92.24679524192676,41.30249176847427,momentum,0
2000-05-31,90.45858001708984,142.8125,144.0,142.09375,142.5625,6056500.0,0.0021921868718646,0.0159282231233497,89.7277214050293,92.01580505371092,89.86877981419907,58.72084997597722,buy_hold,0
2000-06-30,92.23897552490234,145.28125,145.59375,143.890625,143.9375,7420200.0,0.0075855103401309,0.0089509188591453,92.925044631958,91.50773529052736,92.398812632089,52.29408484409795,mean_reversion,0
2000-07-31,90.7906265258789,143.0,144.125,142.0625,142.9375,5265500.0,0.006377839999736,0.0112293476782364,93.649165725708,92.53930282592772,93.07909962371376,35.84916487426122,buy_hold,0
2000-08-31,96.72296142578124,152.34375,153.09375,150.90625,151.0625,4863100.0,0.0133026792949921,0.006619206751194,94.98394355773924,93.87148025512695,95.14029453197176,72.89770770477331,mean_reversion,0
2000-09-30,91.4165496826172,143.625,145.96875,143.625,145.46875,9333600.0,-0.0094827898342559,0.0102804729897523,93.41075744628908,93.79853637695312,92.88647444439424,36.59794436164073,momentum,0
2000-10-31,90.98892974853516,142.953125,143.6875,140.0625,141.015625,7752400.0,0.0172341513131089,0.0179744891884246,88.34993057250976,91.71277908325196,88.98210619955765,60.86723169342512,momentum,0
2000-11-30,84.19635009765625,132.28125,133.5,129.75,132.5,11201600.0,-0.0086645634661128,0.0137584631488037,87.54933471679688,88.6298875427246,86.81067823145588,34.44187232895699,momentum,0
2000-12-31,83.75623321533203,131.1875,134.28125,131.1875,134.0625,8774600.0,-0.018929717006888,0.0186394204015471,84.85163726806641,86.75140869140625,84.73295061005635,46.05949201311703,buy_hold,0
2001-01-31,87.47998809814453,137.02000427246094,138.6999969482422,136.60000610351562,137.39999389648438,9706900.0,-0.0056607779036363,0.0147224553583654,85.5458480834961,85.1958253479004,86.01760501824708,75.80054721905894,mean_reversion,0
2001-02-28,79.13549041748047,123.9499969482422,126.83999633789062,123.2699966430664,126.75,14825800.0,-0.019693371562258,0.0121900559569415,83.7891342163086,84.3383464050293,82.85877350303745,25.6128057516476,momentum,0
2001-03-31,74.70098114013672,116.69000244140624,116.69000244140624,114.5,115.5500030517578,9183600.0,0.0104780571655735,0.0202613405412333,75.687841796875,80.84730926513672,75.6895221407223,48.03946164902652,buy_hold,0
2001-04-30,81.08345794677734,126.66000366210938,127.2699966430664,124.66999816894533,126.4499969482422,10766900.0,0.0069967314539194,0.0187789620759154,76.33146133422852,76.91446044921875,77.60330191083091,76.60506007363442,mean_reversion,0
2001-05-31,80.62892150878906,125.9499969482422,126.76000213623048,125.26000213623048,125.43000030517578,9874200.0,0.0051877311518395,0.0106192690120364,81.6035530090332,78.19473266601562,81.29476655476057,49.76896634297273,momentum,0
2001-06-30,78.70755004882812,122.5999984741211,124.01000213623048,122.26000213623048,122.8000030517578,9824200.0,0.003683808870017,0.0082815805187705,79.54577560424805,80.44147384643554,79.2452902691889,35.57807264032394,momentum,0
2001-07-31,77.90509796142578,121.3499984741211,122.68000030517578,120.8000030517578,121.0,11918100.0,0.0041376322253068,0.0121122112364491,77.38443069458008,79.15588958740234,77.60597889981648,59.14976374597183,momentum,0
2001-08-31,73.28274536132812,114.1500015258789,114.7699966430664,113.12999725341795,113.4000015258789,15985400.0,0.007323911048412,0.011177950371978,75.56792526245117,76.88573318481446,75.37637697317146,34.838496528208566,momentum,0
2001-09-30,67.30066680908203,104.44000244140624,109.62000274658205,102.5,102.9800033569336,21687200.0,0.0212184628550133,0.0196721759839378,69.13170413970947,73.73615272521972,68.53921540351418,34.03963131157194,buy_hold,0
2001-10-31,68.17706298828125,105.8000030517578,107.86000061035156,105.8000030517578,106.9000015258789,28124200.0,-0.0033910629665276,0.0123722207648215,69.72328033447266,70.18031852722169,69.5144358654915,34.69396912896815,buy_hold,0
2001-11-30,73.4933090209961,114.0500030517578,114.91000366210938,114.0199966430664,114.4000015258789,13680300.0,-0.0071385031849562,0.0101756786833319,73.2767951965332,70.52020034790038,73.09679731560726,54.74668514590429,buy_hold,0
2001-12-31,73.90774536132812,114.3000030517578,116.38999938964844,114.2300033569336,116.1500015258789,14619500.0,-0.0146554103936012,0.0105992639165441,74.15247077941895,72.93137786865235,74.0741132815316,51.36541042849768,mean_reversion,0
2002-01-31,73.18354797363281,113.18000030517578,113.3000030517578,111.62000274658205,112.1500015258789,19909200.0,0.011710225806921,0.0113357614815997,73.88479423522949,74.03390625,73.46093416234537,40.52301392364552,momentum,0
2002-02-28,71.87092590332031,111.1500015258789,112.75,111.02999877929688,111.83000183105467,23755400.0,-0.0044781367062324,0.0129172049927596,71.52078094482422,73.05880279541016,71.8150110578495,59.26600710604153,buy_hold,0
2002-03-31,74.26212310791016,114.5199966430664,115.7699966430664,114.5,114.97000122070312,17532900.0,-0.0004363348529574,0.0096296858611122,74.94406776428222,73.17841949462891,74.3722653938975,37.37151411605608,mean_reversion,0
2002-04-30,69.9433364868164,107.86000061035156,108.63999938964844,106.63999938964844,107.0199966430664,19473500.0,0.0093582069306905,0.0110263002972558,72.09561157226562,73.19554702758789,71.85590777972028,31.992145269754403,momentum,0
2002-05-31,69.5283432006836,107.22000122070312,108.55999755859376,106.8499984741211,107.4000015258789,19826300.0,0.00205618351009,0.0143502684037505,70.21311569213867,71.6274171447754,70.43793022007632,55.78708179797028,momentum,0
2002-06-30,64.39659118652344,98.95999908447266,100.5,98.87999725341795,99.23999786376952,28184200.0,-0.0047275673433377,0.0144898547895116,66.15258407592773,68.72598861694335,66.14550275814727,37.41165419687243,momentum,0
2002-07-31,59.320899963378906,91.16000366210938,91.5500030517578,89.25,90.48999786376952,44669900.0,0.002419247541173,0.0278379532006981,58.56018981933594,63.61597831726074,58.66222166469188,46.82272979773225,buy_hold,0
2002-08-31,59.7243537902832,91.77999877929688,93.38999938964844,91.4000015258789,91.68000030517578,30366700.0,-0.0039072910672266,0.0199360023762123,59.915994262695314,59.88872947692871,60.21635631813201,53.17982981215188,mean_reversion,0
2002-09-30,53.46210861206055,81.79000091552734,82.80000305175781,80.9000015258789,82.0,73096400.0,-0.0116015821121435,0.0174171126954923,56.813696479797365,57.935386428833006,56.46834103592549,22.49774216752597,buy_hold,0
2002-10-31,57.86117935180664,88.5199966430664,90.3000030517578,88.19000244140625,89.66000366210938,41620600.0,-0.0101757432005039,0.0223007551233637,56.36302165985107,57.10136848449707,57.23799673555097,61.64539566923366,buy_hold,0
2002-11-30,61.43013381958008,93.9800033569336,94.9499969482422,93.7699966430664,94.8000030517578,19385700.0,-0.0031817508227512,0.0147692531377417,59.78488636016846,57.38977714538574,59.814043256353386,64.73806425982032,mean_reversion,0
2002-12-31,57.95501327514648,88.2300033569336,88.43000030517578,87.11000061035156,87.98999786376953,34036600.0,0.0013617280209945,0.0128667323371861,59.052758407592776,59.283911819458005,58.86149724791281,40.916871612152136,momentum,0
2003-01-31,56.52965545654297,86.05999755859375,86.20999908447266,84.1500015258789,84.1500015258789,55317000.0,0.0193064093294994,0.0132335922321406,58.9945240020752,59.36803207397461,58.10516111957834,25.86189218567644,momentum,0
2003-02-28,55.76768112182617,84.9000015258789,85.2300033569336,84.16000366210938,84.47000122070312,43666800.0,0.0066397268393503,0.0121721091753562,55.42282752990722,57.5375415802002,55.764981278117226,55.64038040603497,buy_hold,0
2003-03-31,55.88705825805664,84.73999786376953,86.58999633789062,84.4000015258789,85.3499984741211,61119500.0,-0.0227188434475108,0.0172653067963587,56.00933628082275,55.99177474975586,56.51938389820435,64.01999319614484,buy_hold,0
2003-04-30,60.6157112121582,91.91000366210938,92.56999969482422,91.41000366210938,91.91000366210938,48709100.0,-0.002171354386223,0.0118205551634379,58.99595813751221,57.11515022277832,59.15544242543473,68.82726449489624,buy_hold,0
2003-05-31,63.939640045166016,96.9499969482422,97.08999633789062,95.55999755859376,95.9000015258789,52529500.0,0.0160341228159506,0.010033920794814,62.07092800140381,59.97211471557617,61.92203459131864,66.49596861415738,buy_hold,0
2003-06-30,64.62071990966797,97.62999725341795,98.66999816894533,97.47000122070312,98.22000122070312,33349000.0,-0.0003066367741055,0.0099814817442388,65.5945499420166,63.1988330078125,65.00755276931334,44.20660733078432,buy_hold,0
2003-07-31,65.78565979003906,99.38999938964844,100.91000366210938,99.16999816894533,99.9800033569336,54937200.0,0.002319736287506,0.0097985129245678,65.9610439300537,65.28204368591308,65.75574435651217,45.6231904015157,buy_hold,0
2003-08-31,67.14253234863281,101.44000244140624,101.4800033569336,100.4800033569336,100.61000061035156,28706600.0,0.0067483725647099,0.0072645775059825,65.82768154144287,65.75228828430176,66.13003196653577,71.04070431521723,mean_reversion,0
2003-09-30,66.41028594970703,99.9499969482422,100.76000213623048,99.25,100.4800033569336,70764500.0,-0.0097093553001277,0.0084884957942872,67.88037223815918,66.67145774841309,67.41802753596096,42.45483511112205,buy_hold,0
2003-10-31,69.9649658203125,105.3000030517578,105.73999786376952,105.22000122070312,105.4000015258789,25761600.0,-0.0009494329711761,0.0057212518270869,69.45736846923828,68.35899810791015,69.26027909119887,52.923352235909526,buy_hold,0
2003-11-30,70.72906494140625,106.4499969482422,106.66000366210938,106.1999969482422,106.27999877929688,10507500.0,0.0007515405934472,0.0066769461402914,70.07329216003419,69.28700592041015,69.94736016266788,54.83841950210268,buy_hold,0
2003-12-31,74.28768157958984,111.27999877929688,111.5199966430664,110.83999633789062,111.22000122070312,31501800.0,0.0008994391097711,0.0058168820460685,72.36007881164551,70.91997039794921,72.58461736837364,86.31885105823584,buy_hold,0
2004-01-31,75.75637817382812,113.4800033569336,113.72000122070312,113.08999633789062,113.5199966430664,30984400.0,0.0,0.0067184100401295,75.82376823425292,73.30480865478516,75.57085274641432,56.18637207999088,buy_hold,0
2004-02-29,76.78439331054688,115.0199966430664,115.73999786376952,114.62999725341795,115.19000244140624,39312000.0,0.0006959134597459,0.0052401930024217,76.55876693725585,75.54078338623047,76.53669234890064,54.74174814882426,mean_reversion,0
2004-03-31,75.76736450195312,113.0999984741211,113.4000015258789,112.37999725341795,112.98999786376952,48517600.0,0.0011506551798738,0.0098609864823201,75.13974075317383,76.02106399536133,75.15920446977444,60.25308266999061,momentum,0
2004-04-30,74.3337631225586,110.95999908447266,112.37999725341795,110.9000015258789,112.16999816894533,48681400.0,-0.0077795472788438,0.007942429362597,76.14117393493652,75.8692317199707,75.78350195512908,32.518204991453274,buy_hold,0
2004-05-31,75.6065673828125,112.86000061035156,112.87999725341795,112.36000061035156,112.7300033569336,23367200.0,-8.879216820789626e-05,0.007659813331324,74.2051025390625,75.06675689697266,74.54423911933287,76.47684691910787,buy_hold,0
2004-06-30,77.00537872314453,114.52999877929688,114.79000091552734,113.6500015258789,114.06999969482422,52230600.0,0.005354353516223,0.0066640135512854,76.37674522399902,75.37308227539063,76.26082646333843,57.963838682240606,mean_reversion,0
2004-07-31,74.5243911743164,110.83999633789062,110.9000015258789,110.0999984741211,110.31999969482422,41581700.0,0.0024420518120145,0.0068778142191882,74.53649215698242,75.30241226196289,74.52957965384176,44.58515209629998,buy_hold,0
2004-08-31,74.70594787597656,111.11000061035156,111.16000366210938,110.0999984741211,110.66000366210938,44125300.0,0.0052478559123845,0.0080303302967053,73.50341453552247,74.44989273071289,74.02699747163017,67.6647650523329,buy_hold,0
2004-09-30,75.45577239990234,111.76000213623048,111.9800033569336,111.26000213623048,111.5500030517578,43536700.0,-0.0007149485991766,0.0059285065416652,75.69210243225098,74.4898959350586,75.36125706831216,44.6988529997968,buy_hold,0
2004-10-31,76.4280014038086,113.1999969482422,113.63999938964844,112.9000015258789,113.12000274658205,48820200.0,-0.0001763589570488,0.0075577816243966,75.69171981811523,75.5036311340332,75.5485197096537,51.14909700099117,buy_hold,0
2004-11-30,79.83031463623047,117.88999938964844,118.23999786376952,117.63999938964844,118.0,53685200.0,0.0006784345510058,0.0060554554627108,79.45952644348145,77.18014312744141,79.20975697306824,59.74296090634304,buy_hold,0
2004-12-31,82.23493957519531,120.87000274658205,121.66000366210938,120.8000030517578,121.3000030517578,28648800.0,-0.0021462002775257,0.0043716132622739,81.53836097717286,79.72130477905273,81.55829723186355,69.73118585308421,mean_reversion,0
2005-01-31,80.39115905761719,118.16000366210938,118.25,117.70999908447266,117.9499969482422,52532700.0,0.0062164269210305,0.0062815316106561,80.33162651062011,80.77433242797852,80.3178799298024,45.08198873902265,buy_hold,0
2005-02-28,82.0716323852539,120.62999725341795,121.3000030517578,120.04000091552734,121.1500015258789,69381300.0,-0.0065884561464198,0.0067169128164078,81.63008651733398,81.22067672729492,81.58207314862976,52.892651977030695,mean_reversion,0
2005-03-31,80.5703353881836,117.95999908447266,118.45999908447266,117.87000274658205,118.19000244140624,64575400.0,-0.0018613055622347,0.00681887751028,81.41320610046387,81.27949172973632,80.96741548825092,34.23426590106229,momentum,0
2005-04-30,79.06082916259766,115.75,115.87000274658205,113.97000122070312,115.06999969482422,103993800.0,0.013572515450811,0.0098703524170028,79.50786895751953,80.71419509887696,79.34606989689698,42.69686580724064,buy_hold,0
2005-05-31,81.60848999023438,119.4800033569336,120.16999816894533,119.4000015258789,120.08000183105467,43377200.0,-0.0064034963459748,0.0060928744339816,80.66696205139161,80.09315353393555,80.87158847348022,66.8609768698052,buy_hold,0
2005-06-30,81.73218536376953,119.18000030517578,120.31999969482422,118.9499969482422,120.22000122070312,62288800.0,-0.0054239889542729,0.0048960501389629,82.39555778503419,81.1583430480957,82.19351488888937,45.92343362377228,buy_hold,0
2005-07-31,84.85934448242188,123.73999786376952,124.62999725341795,123.5,124.41000366210938,62358100.0,-0.0066628621746869,0.0051886615421806,83.90096282958984,82.8859391784668,84.06264525578499,63.39231763784664,mean_reversion,0
2005-08-31,84.06385040283203,122.58000183105467,122.66000366210938,120.73999786376952,121.19000244140624,102945200.0,0.0126395945477606,0.006455200455554,83.98394813537598,83.77032470703125,83.82194008801085,43.20190392312093,buy_hold,0
2005-09-30,84.738525390625,123.04000091552734,123.04000091552734,121.73999786376952,122.62000274658205,47824200.0,0.0030982042697869,0.0055683433282687,84.382612991333,84.31876907348632,84.17909422339153,44.2832619553417,mean_reversion,0
2005-10-31,82.73438262939453,120.12999725341795,121.3000030517578,120.12999725341795,120.29000091552734,77698900.0,0.0027547605639532,0.0099086631680404,81.95198554992676,83.25528686523438,82.29941812587049,55.97759827242764,buy_hold,0
2005-11-30,86.37073516845703,125.41000366210938,126.5199966430664,125.29000091552734,126.16000366210938,56007200.0,-0.0053926471809185,0.0045932895560566,85.54496307373047,83.76576110839844,85.62758754057205,70.13352436376528,mean_reversion,0
2005-12-31,86.2054672241211,124.51000213623048,125.05999755859376,124.36000061035156,124.8000030517578,44645600.0,-0.0054314698337595,0.0042350549808654,87.21232566833496,85.63270721435546,86.94426611413314,41.463681084227545,buy_hold,0
2006-01-31,88.27562713623047,127.5,128.5399932861328,127.48999786376952,128.32000732421875,72937000.0,-0.0073180978916778,0.0071150723433068,88.48953704833984,87.64180374145508,88.216107793099,41.607154890051305,buy_hold,0
2006-02-28,88.7810287475586,128.22999572753906,129.91000366210938,128.1300048828125,129.1999969482422,74394800.0,-0.0095009272384058,0.0063613246733205,88.45146446228027,88.19013580322266,88.71634172933761,67.6054529652121,buy_hold,0
2006-03-31,90.24625396728516,129.8300018310547,130.24000549316406,129.3699951171875,130.02000427246094,62925600.0,0.000231015916168,0.0049205219459445,89.90463027954101,89.03120590209961,89.98041147804584,61.52816293702178,buy_hold,0
2006-04-30,91.38628387451172,131.47000122070312,131.75,130.7100067138672,130.7899932861328,55854400.0,0.0033586620703971,0.0053362312152775,90.51317253112794,90.01684539794923,90.584247148931,65.74261077569847,mean_reversion,0
2006-05-31,88.63359069824219,127.51000213623048,127.51000213623048,126.1999969482422,126.62000274658205,86926200.0,0.0111814697274825,0.0092533724984642,89.62238655090331,90.14295455932616,89.14983847265272,34.80102079657881,buy_hold,0
2006-06-30,88.86477661132812,127.27999877929688,127.66000366210938,126.95999908447266,127.54000091552734,54227800.0,7.856256099869618e-05,0.0097164903175186,87.15458831787109,88.85095993041992,87.56851360877602,63.90424535701214,buy_hold,0
2006-07-31,89.26275634765625,127.8499984741211,127.95999908447266,127.4499969482422,127.66000366210938,49593100.0,-0.00101598847721,0.0082141188002466,87.99798316955567,87.74492813110352,88.03074903763418,51.751927760005074,buy_hold,0
2006-08-31,91.21066284179688,130.63999938964844,130.99000549316406,130.5800018310547,130.85000610351562,37510300.0,-0.0001532157408098,0.0041975714387258,90.16373977661132,88.87035858154297,90.2838599363061,81.56454944708281,buy_hold,0
2006-09-30,93.67350006103516,133.5800018310547,133.94000244140625,133.47999572753906,133.8000030517578,47966600.0,-0.0008228296616461,0.004746720974027,92.35519714355468,90.74017669677734,92.46428671599897,77.50432338434997,buy_hold,0
2006-10-31,96.62577056884766,137.7899932861328,138.25999450683594,137.25,138.07000732421875,71274100.0,-0.0001452619384589,0.0038466352303978,95.82529678344729,93.5542921447754,95.75241906184796,74.27629283753136,buy_hold,0
2006-11-30,98.54718780517578,140.52999877929688,141.0500030517578,139.75999450683594,140.44000244140625,83994300.0,0.0004268365317545,0.0054184273708291,97.65696487426756,96.09829177856446,97.671896544542,65.98658890402037,buy_hold,0
2006-12-31,99.86489868164062,141.6199951171875,142.5399932861328,141.42999267578125,142.05999755859375,45461200.0,-0.0041489571003585,0.0042661332940991,99.6887050628662,98.2437875366211,99.57840094746751,57.33753246606495,buy_hold,0
2007-01-31,101.36692810058594,143.75,144.1300048828125,142.39999389648438,142.6300048828125,91868600.0,0.0067233263174293,0.0050438115571957,100.35252990722655,99.67474334716798,100.4196402382366,63.138977224777896,mean_reversion,0
2007-02-28,99.37832641601562,140.92999267578125,141.97999572753906,139.8000030517578,140.38999938964844,177536300.0,0.0102509433984214,0.0100458775023764,101.93526573181153,100.90667388916016,101.50355251564574,32.825081035271666,buy_hold,0
2007-03-31,100.53004455566406,142.0,142.83999633789062,140.55999755859375,142.24000549316406,128194100.0,0.0002109474836409,0.0084956084065797,99.5589756011963,100.629347076416,100.2355590222306,57.01880730668018,buy_hold,0
2007-04-30,104.9831085205078,148.2899932861328,149.74000549316406,148.2100067138672,149.63999938964844,100874100.0,-0.0082924414397357,0.0048579955309062,103.6107078552246,101.48766006469728,103.84811304425804,70.95703170548768,buy_hold,0
2007-05-31,108.5441436767578,153.32000732421875,153.88999938964844,153.1199951171875,153.6699981689453,114866700.0,-0.0010422034468476,0.0052115664426655,107.2690773010254,104.73997100830078,107.1254204479682,72.05350447988792,mean_reversion,0
2007-06-30,106.9571304321289,150.42999267578125,151.64999389648438,149.14999389648438,150.89999389648438,199701800.0,0.0003325145341317,0.0093998456972531,107.42073402404785,107.030274810791,107.24490440321507,49.26939010945296,momentum,0
2007-07-31,103.60826873779295,145.72000122070312,149.4600067138672,145.0399932861328,148.3300018310547,316976700.0,-0.0112634689361257,0.0108320698747273,108.01937904357912,107.77887557983398,107.16925065093,33.74782569515175,buy_hold,0
2007-08-31,104.93785095214844,147.58999633789062,148.5,146.8300018310547,147.64999389648438,185477500.0,0.0098526315913127,0.013837042270095,103.52366409301756,105.7981838989258,104.03498608025086,55.58173012010521,buy_hold,0
2007-09-30,109.00047302246094,152.5800018310547,153.19000244140625,151.97999572753906,152.85000610351562,133372100.0,-0.0033310175010092,0.0092296028793796,106.68910789489746,105.22839248657226,107.09107074274728,77.8619897709483,buy_hold,0
2007-10-31,110.479248046875,154.64999389648438,155.27000427246094,152.83999633789062,153.97999572753906,220954400.0,0.0103881884367507,0.0090873686157101,109.9030689239502,107.81389144897462,109.3450886035502,47.459814052526085,mean_reversion,0
2007-11-30,106.2000961303711,148.66000366210938,149.8699951171875,147.3300018310547,149.0399932861328,222908000.0,0.0100559636172996,0.0164357543953087,104.47877502441406,107.55725616455078,104.74704718045228,56.32633224784711,momentum,0
2007-12-31,105.0041961669922,146.2100067138672,147.61000061035156,146.05999755859375,147.10000610351562,108126800.0,-0.0074000500659286,0.0113299912107355,105.9687355041504,105.92165710449218,105.71405017643248,36.277738108869,momentum,0
2008-01-31,98.65552520751952,137.3699951171875,138.5399932861328,133.1999969482422,133.39999389648438,343680800.0,0.0182344691603781,0.014497820721871,98.60669250488282,102.4958106994629,98.76149056863606,42.27750049809882,momentum,0
2008-02-29,96.10601806640624,133.82000732421875,135.67999267578125,132.77999877929688,135.60000610351562,252715200.0,-0.0222836873498564,0.0114232256643086,97.43643074035644,99.52099578857424,97.76296202680692,52.57727592992132,momentum,0
2008-03-31,95.24662017822266,131.97000122070312,132.72999572753906,131.08999633789062,131.2899932861328,166692100.0,0.0034981302417895,0.0175306136025926,94.88079872131348,96.19592407226564,95.5101346783228,58.5186835178223,buy_hold,0
2008-04-30,99.78630065917967,138.25999450683594,140.58999633789062,138.25999450683594,139.2899932861328,208395900.0,-0.0058956017808948,0.0088002121482301,98.89819793701172,97.12626083374025,98.94097729948297,58.73642547928247,buy_hold,0
2008-05-31,101.2947235107422,140.35000610351562,140.74000549316406,139.94000244140625,140.47000122070312,117362000.0,0.0024998878720101,0.0084799975496737,101.35821838378908,99.52487838745115,100.90919145668916,55.8896799750624,mean_reversion,0
2008-06-30,92.82892608642578,127.9800033569336,128.91000366210938,127.3000030517578,127.88999938964844,258842600.0,0.0035288088041327,0.0120958388882631,96.89469184875487,99.3525343322754,96.3837224938507,24.567090742540543,momentum,0
2008-07-31,91.99475860595705,126.83000183105467,128.57000732421875,126.62999725341795,127.4000015258789,277402100.0,-0.0132262579753305,0.0139846658340798,91.00540695190428,94.93085083007811,91.87670105210748,57.06852838581276,buy_hold,0
2008-08-31,93.41642761230467,128.7899932861328,130.13999938964844,128.50999450683594,129.72999572753906,189195800.0,-0.0107538088426133,0.0126181668544722,93.18541679382324,92.39719116210938,93.05121867782108,44.27888358308493,mean_reversion,0
2008-09-30,84.61907196044922,115.98999786376952,116.8000030517578,110.52999877929688,113.51000213623048,328154400.0,0.0413898141041808,0.0310256874077216,88.42465362548828,91.0106314086914,88.06300189604835,42.35677850642858,momentum,0
2008-10-31,70.64112091064453,96.83000183105467,98.56999969482422,94.4800033569336,95.08000183105467,411394000.0,0.0055035655511699,0.060422286933535,68.8544864654541,80.8981509399414,70.72755185570142,45.69030966560565,momentum,0
2008-11-30,65.72403717041016,90.08999633789062,90.12999725341795,88.4800033569336,88.62999725341797,118308100.0,0.0125889202691138,0.0435323954694158,64.93031406402588,70.92564933776856,64.44987465769789,45.98676351896691,buy_hold,0
2008-12-31,66.36788940429688,90.23999786376952,90.97000122070312,88.87000274658203,89.08000183105469,193987200.0,0.0142743927130579,0.0206078074801343,64.74804286956787,64.99864273071289,64.68023725511907,52.36594933157543,mean_reversion,0
2009-01-31,60.91812515258789,82.83000183105469,85.4000015258789,82.20999908447266,84.9800033569336,383383600.0,-0.0203432502491421,0.024403307154421,63.669868850708006,63.63331817626953,62.91827702114999,37.06616204904248,momentum,0
2009-02-28,54.3725471496582,73.93000030517578,75.69000244140625,73.80999755859375,74.01000213623047,470510900.0,-0.022348726084614,0.0213745967112699,59.44942378997803,62.31666694641113,58.71846086736716,17.456237883379316,buy_hold,0
2009-03-31,58.90235900878906,79.5199966430664,81.08000183105469,79.05000305175781,79.55999755859375,364238300.0,0.0092650886794247,0.0292898381524047,56.46454696655273,58.29916145324707,57.96905179648108,64.77070560901936,buy_hold,0
2009-04-30,64.75408172607422,87.41999816894531,89.0199966430664,86.91999816894531,88.55000305175781,301419800.0,0.0003435663864548,0.0187315477610637,63.01968154907227,58.920614089965824,62.73355821306819,55.3345917689302,buy_hold,0
2009-05-31,68.53921508789062,92.52999877929688,93.6999969482422,90.68000030517578,91.41999816894533,258641500.0,0.0177081036942616,0.0173761981797967,67.03071022033691,63.92283508300781,66.49086502450751,48.698722431847344,mean_reversion,0
2009-06-30,68.49427795410156,91.9499969482422,93.05999755859376,91.2699966430664,92.72000122070312,228888200.0,-0.0080908973592936,0.0118788251174897,68.79917945861817,67.3312149810791,68.27409472186083,42.38201253536799,buy_hold,0
2009-07-31,73.6043701171875,98.80999755859376,99.47000122070312,98.37999725341795,98.6500015258789,207358000.0,0.0014185463149247,0.0110129553150818,69.89249992370605,69.03842300415039,70.95422975573976,91.67535705744676,buy_hold,0
2009-08-31,76.32329559326172,102.45999908447266,102.58000183105467,101.79000091552734,102.37000274658205,176051600.0,-0.0088993363566131,0.0100222187038265,75.45659027099609,71.84445541381837,75.2810981004561,62.242114158690505,buy_hold,0
2009-09-30,79.02949523925781,105.58999633789062,106.45999908447266,104.62000274658205,106.36000061035156,254383000.0,-0.003868146814943,0.0080356004406359,78.31118316650391,76.1561750793457,78.36934415905043,57.28951077801079,mean_reversion,0
2009-10-31,77.51013946533203,103.55999755859376,106.62000274658205,103.44000244140624,106.3000030517578,325608100.0,-0.0289730764256981,0.0128037351364568,80.26594314575195,78.74822677612305,79.81337437307485,37.95328602562819,buy_hold,0
2009-11-30,82.28526306152344,109.94000244140624,110.1999969482422,108.12000274658205,109.4800033569336,160874800.0,0.0033765001395478,0.0096105948736207,81.64160232543945,80.5184700012207,81.8957065074578,51.84065321026473,buy_hold,0
2009-12-31,83.85700988769531,111.44000244140624,112.8000030517578,111.38999938964844,112.7699966430664,90637900.0,-0.0095980085463608,0.0063604220069189,83.48621101379395,82.15999954223633,83.62719079110528,59.09813585595612,mean_reversion,0
2010-01-31,80.80944061279297,107.38999938964844,109.8000030517578,107.22000122070312,109.04000091552734,310677600.0,-0.0108690099767067,0.0103828727339799,84.54854545593261,83.75583251953125,83.70240729986628,26.129972353622847,buy_hold,0
2010-02-28,83.33028411865234,110.73999786376952,111.12000274658205,110.11000061035156,110.7699966430664,173589300.0,0.0006325946862779,0.011082633516316,82.06985206604004,83.49365463256837,82.74640102795901,72.12596468308689,buy_hold,0
2010-03-31,88.40337371826172,117.0,117.5199966430664,116.61000061035156,116.9499969482422,161078700.0,-0.0034073793496831,0.0047690764381015,87.42496109008789,84.48309188842774,87.28091015051427,67.4947401503313,buy_hold,0
2010-04-30,89.77100372314453,118.80999755859376,121.01000213623048,118.77999877929688,120.87999725341795,270000900.0,-0.0169616291826039,0.0096315812668049,90.63046875,88.06302825927735,90.2784986923061,46.70919535876519,mean_reversion,0
2010-05-31,82.63829040527344,109.37000274658205,110.72000122070312,108.8499984741211,110.63999938964844,297933500.0,-0.0125495648051707,0.0201761070706249,85.22237052917481,88.01516204833985,84.7968989084132,33.59114436669552,momentum,0
2010-06-30,78.36251068115234,103.22000122070312,104.87999725341795,102.87999725341795,103.91999816894533,284101700.0,-0.0095000377544337,0.015226251305741,82.24331016540528,84.82154205322266,82.24697872692394,29.05945159168415,buy_hold,0
2010-07-31,83.71470642089844,110.2699966430664,110.86000061035156,108.9800033569336,109.16999816894533,220070600.0,-0.0001815092714607,0.012604641717285,82.26429252624511,82.13256469726562,82.8525717630009,58.17518970999769,mean_reversion,0
2010-08-31,79.94915008544922,105.30999755859376,105.9800033569336,104.48999786376952,104.91999816894533,273933100.0,0.0,0.0100919467264455,82.52923774719238,82.26694778442383,81.77603301632809,32.075321778937536,buy_hold,0
2010-09-30,87.1090087890625,114.12999725341795,115.79000091552734,113.58999633789062,115.0500030517578,287106700.0,-0.0029703358501067,0.0081263428957065,85.76326065063476,84.13752868652344,85.81691699412252,67.93573306271708,buy_hold,0
2010-10-31,90.43670654296876,118.48999786376952,118.72000122070312,118.06999969482422,118.27999877929688,144305500.0,0.0007597477390983,0.006669506682547,89.56816673278809,86.41717102050781,89.43363448343827,64.06679872345111,buy_hold,0
2010-11-30,90.43670654296876,118.48999786376952,119.16999816894533,117.80999755859376,117.9800033569336,233930700.0,-0.0056230517691373,0.0096352235965313,91.75677452087402,90.01436325073242,91.13191589432913,37.59915581975038,buy_hold,0
2010-12-31,96.4826431274414,125.75,125.87000274658205,125.33000183105467,125.52999877929688,91218900.0,0.0002386271275938,0.0027425455531292,95.37826461791992,93.0385987854004,95.28731059737136,75.17919231831902,buy_hold,0
2011-01-31,98.73069763183594,128.67999267578125,128.77999877929688,127.75,128.07000732421875,149249200.0,0.0075162587824053,0.0064327869384886,98.41651992797853,95.82217544555664,98.20840830509547,58.90971667768041,buy_hold,0
2011-02-28,102.16032409667967,133.14999389648438,133.32000732421875,132.3800048828125,132.82000732421875,141585500.0,0.0061964716285727,0.007268171815204,101.37046165466307,99.09664459228516,101.13224075117952,56.00797113703116,buy_hold,0
2011-03-31,102.17264556884766,132.58999633789062,132.9600067138672,132.4499969482422,132.60000610351562,132537100.0,-0.0013556147611151,0.0095898440768766,100.31192283630372,100.58651306152343,100.68387131574586,58.58034309927938,buy_hold,0
2011-04-30,105.13166046142578,136.42999267578125,136.57000732421875,135.97999572753906,136.16000366210938,115094100.0,0.0023508275941681,0.0055647853159944,102.63766899108889,101.49144882202148,102.75974521539791,68.57438397558664,mean_reversion,0
2011-05-31,103.95269775390624,134.89999389648438,134.9199981689453,133.83999633789062,134.77000427246094,164731200.0,0.0104112802378186,0.0069364903290997,103.2337245941162,102.619873046875,102.99919219797556,45.65781193217566,momentum,0
2011-06-30,102.19902801513672,131.97000122070312,132.17999267578125,130.7100067138672,131.13999938964844,223322700.0,0.0095626130634178,0.0096713872112356,99.39798278808594,101.75598739624024,100.11800941335387,66.82566249736394,momentum,0
2011-07-31,100.15457916259766,129.3300018310547,130.5500030517578,127.97000122070312,128.91000366210938,307038400.0,-0.006834421802665,0.0098442663088308,102.67374420166016,101.32178024291991,102.03155219004957,39.95430948389355,momentum,0
2011-08-31,94.64850616455078,122.22000122070312,123.51000213623048,121.3000030517578,122.45999908447266,301828400.0,0.0044378747331077,0.0306169049854185,91.05563926696776,97.38575576782226,92.8257424626309,59.9349642575633,momentum,0
2011-09-30,88.07793426513672,113.1500015258789,115.4499969482422,113.06999969482422,114.4499969482422,288392300.0,-0.024989366945609,0.018670005113264,91.19032821655271,92.92883880615234,90.98654164307275,44.16112650082368,buy_hold,0
2011-10-31,97.69140625,125.5,128.6199951171875,125.31999969482422,127.16000366210938,228146700.0,-0.0241054477008538,0.0169534324238501,94.46913986206054,92.51198867797852,95.3125524555314,61.60000062727289,mean_reversion,0
2011-11-30,97.29441833496094,124.98999786376952,125.22000122070312,120.0,123.48999786376952,324439500.0,0.0411495171021032,0.0186846102389845,95.75353355407717,94.04062423706054,94.87454043650877,53.85909896622202,buy_hold,0
2011-12-31,98.31098175048828,125.5,126.33000183105467,125.5,126.0199966430664,95599000.0,-0.0049156444370859,0.012181428865107,97.21358261108398,96.61879562377928,97.1686745540139,50.76508754094388,buy_hold,0
2012-01-31,102.87010192871094,131.32000732421875,132.17999267578125,130.67999267578125,132.02000427246094,157212000.0,-0.0003805457424804,0.0055014384448574,101.88268775939942,98.4070895385742,101.77547749800476,65.66571685349439,buy_hold,0
2012-02-29,107.33526611328124,137.02000427246094,138.19000244140625,136.5399932861328,137.75999450683594,185934700.0,-0.0039249976193149,0.0052607875330923,106.1135684967041,102.6974461364746,105.975593997051,62.3823757334218,buy_hold,0
2012-03-31,110.78750610351562,140.80999755859375,141.0500030517578,140.0500030517578,140.9199981689453,135486800.0,0.004135926926218,0.0074321136238279,109.3476821899414,107.00621795654295,109.521033123523,68.79616957856622,mean_reversion,0
2012-04-30,110.04795837402344,139.8699951171875,140.2100067138672,139.49000549316406,140.11000061035156,115092200.0,-0.0037039388013301,0.0090763825675924,109.12426376342772,108.84093643188476,109.20674475863132,64.6712530719575,momentum,0
2012-05-31,103.43895721435548,131.47000122070312,132.4499969482422,130.33999633789062,131.7100067138672,196186000.0,-0.002200421700269,0.008320884406066,105.27804946899414,107.86036529541016,105.19663451803213,32.93313595047481,buy_hold,0
2012-06-30,107.63660430908205,136.10000610351562,136.27000427246094,134.85000610351562,135.1999969482422,212250900.0,0.0249265711734736,0.0117218108746615,104.75137176513672,105.74094665527343,105.19715136640396,64.41407482594556,buy_hold,0
2012-07-31,108.90991973876952,137.7100067138672,138.8699951171875,137.7100067138672,138.49000549316406,120575900.0,-0.0069941496645772,0.0090821982207057,107.56344528198242,105.7502571105957,107.52519449350062,61.809908979519165,buy_hold,0
2012-08-31,111.63835906982422,141.16000366210938,141.82000732421875,140.36000061035156,141.2899932861328,151970400.0,0.0047687962286346,0.0037844056622297,111.61464805603028,109.0073274230957,111.19605822684218,53.31030484089688,buy_hold,0
2012-09-30,114.46849060058594,143.97000122070312,144.55999755859375,143.4600067138672,144.08999633789062,150696100.0,-0.0046316601219271,0.0071764442252887,114.50765266418458,112.0096160888672,114.39065764767966,56.731040621237405,mean_reversion,0
2012-10-31,112.38538360595705,141.35000610351562,142.02999877929688,140.67999267578125,141.85000610351562,103438500.0,0.0,0.006865913531402,114.34288063049316,113.96912887573242,113.83972822264208,36.41569428131297,buy_hold,0
2012-11-30,113.0214385986328,142.14999389648438,142.4199981689453,141.66000366210938,142.13999938964844,136568300.0,0.0002112645102563,0.0095724814698977,111.01703796386718,113.1466258239746,111.68952052432624,67.86045640572742,buy_hold,0
2012-12-31,114.0312042236328,142.41000366210938,142.55999755859375,139.5399932861328,139.66000366210938,243935200.0,0.0169966237555629,0.0072953906771627,113.62630119323732,112.56848587036131,113.46831702169176,53.36313181650481,buy_hold,0
2013-01-31,119.8685073852539,149.6999969482422,150.3800048828125,149.60000610351562,149.88999938964844,108975800.0,-0.0024655500443866,0.0034679812938742,118.49808311462402,115.32406234741212,118.46023534938156,75.38674879885343,buy_hold,0
2013-02-28,121.39793395996094,151.61000061035156,152.8699951171875,151.41000366210938,151.89999389648438,126866000.0,-0.0019746161284027,0.0082357991147912,121.1188507080078,118.61499298095704,120.75272869773214,52.47933704098868,buy_hold,0
2013-03-31,126.0075912475586,156.6699981689453,156.85000610351562,155.75,156.08999633789062,102932800.0,0.0030736466607852,0.0047959844197495,124.52700119018554,122.15741729736328,124.36594434606486,60.17446131120682,buy_hold,0
2013-04-30,128.4284210205078,159.67999267578125,159.72000122070312,158.61000061035156,159.27000427246094,116010700.0,0.0023855931184015,0.0092501228519352,126.30109062194823,124.73254943847655,126.41695676874956,53.107719285751465,buy_hold,0
2013-05-31,131.46058654785156,163.4499969482422,166.30999755859375,163.1300048828125,165.3699951171875,176850100.0,-0.014352149464623,0.0063371745977824,132.47158203125,128.68097686767578,132.01111870580465,50.16302876022315,mean_reversion,0
2013-06-30,129.70632934570312,160.4199981689453,161.39999389648438,159.86000061035156,160.6300048828125,160402900.0,-0.0040972860576287,0.0109301987201149,130.62336502075195,130.67079467773436,130.352719141167,42.21407548577844,buy_hold,0
2013-07-31,136.4091339111328,168.7100067138672,169.85000610351562,168.49000549316406,168.94000244140625,142388700.0,0.0007120510697669,0.0045271118841464,135.2799934387207,132.8856900024414,135.21588411976515,61.48254821933141,mean_reversion,0
2013-08-31,132.31788635253906,163.64999389648438,164.52999877929688,163.1699981689453,164.50999450683594,134928900.0,-0.0031676690836486,0.0061188629546811,134.90685348510743,134.27991180419923,134.21967699632495,30.33187083020053,buy_hold,0
2013-09-30,136.5052490234375,168.00999450683594,168.5399932861328,167.14999389648438,167.47999572753906,143937000.0,-0.0053284814695063,0.0053720694522354,136.8506004333496,136.07536193847656,136.95110243096954,49.8063467043358,buy_hold,0
2013-10-31,142.826416015625,175.7899932861328,176.88999938964844,175.52999877929688,176.14999389648438,133795000.0,-0.0028359756524336,0.007827965519548,140.07657165527343,137.6524200439453,140.8792196518878,72.20859580527599,buy_hold,0
2013-11-30,147.0594482421875,181.0,181.75,180.8000030517578,181.32000732421875,55870900.0,-0.0006627900224801,0.0055684997551215,145.0993423461914,141.56430786132813,145.16386213414552,72.64891216612855,buy_hold,1
2013-12-31,150.8721923828125,184.69000244140625,184.69000244140625,183.92999267578125,184.07000732421875,86119900.0,0.0047330642409466,0.0062223346086469,147.37376098632814,145.61286010742188,147.92441153473973,70.83197451866299,mean_reversion,1
2014-01-31,145.55421447753906,178.17999267578125,179.2899932861328,176.9199981689453,177.00999450683594,194677900.0,-0.0058585206959064,0.0079327368069063,148.67923812866212,147.76960510253906,147.83117040384514,34.39818962043836,buy_hold,0
2014-02-28,152.17922973632812,186.2899932861328,187.1499938964844,185.0500030517578,185.7899932861328,150842000.0,0.0025292376189642,0.0078427849195076,148.39373245239258,148.67677520751954,149.57228696968355,84.39212317117972,buy_hold,1
2014-03-31,153.441650390625,187.009994506836,187.3000030517578,185.5200042724609,186.6699981689453,99745000.0,0.008194426049799,0.0062719434542461,152.6941665649414,150.04659606933595,152.16390516680002,52.11340522114696,buy_hold,0
2014-04-30,154.50828552246094,188.3099975585937,188.5,187.17999267578125,187.44000244140625,101508000.0,0.0029827426255544,0.0082757184349801,152.78562850952147,152.44610168457032,153.01794427631052,53.73319994582555,buy_hold,0
2014-05-31,158.09384155273438,192.67999267578125,192.8000030517578,192.02999877929688,192.19000244140625,76316000.0,0.0016116329135058,0.0052003742140098,155.25287017822265,153.79533905029297,155.5327961157496,68.87984336969394,buy_hold,1
2014-06-30,161.35769653320312,195.72000122070312,196.1699981689453,195.52999877929688,195.6999969482422,70201200.0,-0.0005106737235354,0.0036453154473327,160.28830032348634,157.07824737548827,160.04700339107933,56.48827447759832,mean_reversion,1
2014-07-31,159.18942260742188,193.08999633789065,195.77999877929688,192.97000122070312,195.6100006103516,183479000.0,-0.0197479763806783,0.00660092755858,162.56133193969723,160.7466290283203,162.1560280821551,37.246315778179536,buy_hold,0
2014-08-31,165.47158813476562,200.7100067138672,200.72999572753903,199.82000732421875,200.4499969482422,65907000.0,0.0028480011511484,0.0048654384003991,162.03700103759766,162.08844329833985,163.1778369621383,90.50504919000316,mean_reversion,1
2014-09-30,163.18870544433594,197.0200042724609,198.3000030517578,196.6100006103516,197.69000244140625,131302000.0,-0.0026321092899823,0.0060100906104439,164.7582229614258,163.21947174072267,164.30507452983312,42.667774924975845,buy_hold,1
2014-10-31,167.0319366455078,201.6600036621093,201.82000732421875,200.7700042724609,201.77999877929688,146903000.0,0.0114352578153447,0.0115392074439285,160.18574600219728,162.7803155517578,161.8657235490111,83.91267406307789,buy_hold,1
2014-11-30,171.62062072753906,207.1999969482422,207.8699951171875,206.9100036621093,207.4900054931641,57890100.0,-0.0021192036528449,0.0034499282153763,169.4045722961426,164.46740478515625,169.04716712895365,81.43221033114013,mean_reversion,1
2014-12-31,171.18528747558594,205.5399932861328,208.19000244140625,205.38999938964844,207.9900054931641,130333800.0,-0.009922835432707,0.0099886670133198,170.61968612670898,168.8599789428711,171.0042724158128,57.8203656636878,momentum,1
2015-01-31,166.11322021484375,199.4499969482422,202.1699981689453,199.1300048828125,200.57000732421875,197729700.0,-0.0125749260659943,0.0106076220111635,168.7221450805664,169.94639068603516,168.89019184777771,39.83914454496941,buy_hold,0
2015-02-28,175.44952392578125,210.6600036621093,211.5800018310547,210.6000061035156,211.259994506836,108076000.0,-0.003405834251711,0.0067217750974035,173.11586074829103,171.10737152099608,173.75544999454286,76.58693845180085,mean_reversion,1
2015-03-31,172.69393920898438,206.42999267578125,208.1000061035156,206.3600006103516,207.259994506836,126768700.0,-0.0087398621251649,0.0091877741018838,173.38208618164063,172.7402993774414,173.48811755070045,56.32700051953627,buy_hold,1
2015-04-30,174.39230346679688,208.4600067138672,210.3500061035156,207.6199951171875,209.8800048828125,161304900.0,-0.0100200508425892,0.0054236443613285,175.2593536376953,174.56377532958984,175.33678158194303,44.14832529420508,buy_hold,1
2015-05-31,176.63426208496094,211.13999938964844,212.42999267578125,210.82000732421875,212.3800048828125,124919600.0,-0.0062129381754703,0.0067510664136684,176.8195472717285,175.54853240966796,176.95210901615803,47.99355815730358,mean_reversion,1
2015-06-30,173.04644775390625,205.8500061035156,207.32000732421875,205.27999877929688,207.259994506836,182925100.0,0.0020934728746284,0.0073316620951751,176.0324851989746,176.39756042480468,176.00468064340524,37.29865443680895,buy_hold,1
2015-07-31,176.95545959472656,210.5,211.4499969482422,210.1600036621093,211.4199981689453,103266900.0,-0.001517661422109,0.0075290932704322,176.09755630493163,176.2097817993164,176.3598967190377,52.78426594485328,mean_reversion,1
2015-08-31,166.1699981689453,197.6699981689453,199.1300048828125,197.009994506836,198.1100006103516,163298800.0,-0.0080787429459581,0.017303394853408,171.4967155456543,174.17626434326172,169.93983228256604,36.03345234506581,momentum,0
2015-09-30,161.92999267578125,191.6300048828125,191.8300018310547,189.44000244140625,190.3699951171875,163452000.0,0.0186582375563515,0.0128864683613829,164.12213287353515,169.20687103271484,164.10570292646793,42.884124422449126,buy_hold,0
2015-10-31,175.70367431640625,207.92999267578125,209.44000244140625,207.7400054931641,209.0599975585937,131076900.0,-0.0043099039072063,0.0079164118360197,171.76171646118163,167.07461944580078,172.03117305472844,68.03618027949175,buy_hold,1
2015-11-30,176.34596252441406,208.69000244140625,209.88999938964844,208.5599975585937,209.75,112822700.0,-0.0041512479120324,0.0076294949097549,176.07424087524413,171.6608236694336,175.53719326942314,51.95675868515453,mean_reversion,1
2015-12-31,173.29823303222656,203.8699951171875,205.88999938964844,203.8699951171875,205.1300048828125,114877900.0,-0.0100035442712251,0.0116180276940061,173.84833374023438,175.0056658935547,174.1829192558257,48.66949297992405,momentum,1
2016-01-31,164.6702880859375,193.72000122070312,193.8800048828125,189.8800048828125,190.0200042724609,210529300.0,0.0243772743793388,0.0148164330295339,163.42498779296875,170.26768951416017,163.6900294868783,52.6147010276482,momentum,0
2016-02-29,164.53424072265625,193.5599975585937,196.22999572753903,193.3300018310547,195.1100006103516,125918100.0,-0.0078428229709316,0.0118647988747981,161.99733352661133,164.95059173583985,163.1084899964174,67.01504790836175,buy_hold,1
2016-03-31,175.60186767578125,205.5200042724609,206.4100036621093,205.3300018310547,205.9100036621093,94584100.0,-0.0024267007644346,0.0056693105968098,172.67978515625,166.32157165527343,172.4429352039094,78.52259768670436,buy_hold,1
2016-04-30,176.2939453125,206.3300018310547,207.1300048828125,205.02999877929688,206.72000122070312,142424100.0,-0.0053987865686138,0.0064286758717879,177.1603210449219,173.28470275878905,176.9944293201373,59.79665966851163,buy_hold,1
2016-05-31,179.29296875,209.83999633789065,210.69000244140625,209.17999267578125,210.5599975585937,109879400.0,-0.0019029018871533,0.0069175317263666,176.52590866088866,176.511982421875,177.11866195975296,54.47522541428967,buy_hold,1
2016-06-30,179.91615295410156,209.47999572753903,209.5399932861328,206.5599975585937,207.2100067138672,165021900.0,0.0136455031899656,0.0122712024765524,178.3647575378418,177.63286987304687,177.66075107194604,50.8347921199254,buy_hold,1
2016-07-31,186.47789001464844,217.1199951171875,217.5399932861328,216.1300048828125,216.4600067138672,79519400.0,0.0016143337957421,0.0047016797377157,184.33075714111328,180.66765594482425,184.31431061999848,73.01924793646549,buy_hold,1
2016-08-31,186.7012634277344,217.3800048828125,217.75,216.47000122070312,217.6100006103516,85269500.0,-0.0028437197751883,0.003328423098297,187.3398170471192,184.56488647460932,186.9477176592044,41.36106545489699,buy_hold,1
2016-09-30,186.7120819091797,216.3000030517578,217.1199951171875,215.3600006103516,215.6499938964844,117202900.0,0.0075462448030896,0.0091731489182193,185.7210464477539,186.4496740722656,185.92442674647472,52.77798355086414,mean_reversion,1
2016-10-31,183.4750213623047,212.5500030517578,213.19000244140625,212.3600006103516,212.92999267578125,61272500.0,4.69907068183506e-05,0.0043367880222458,184.72022247314453,185.5947412109375,184.6404029513284,44.13280758361773,buy_hold,1
2016-11-30,190.23399353027344,220.3800048828125,221.82000732421875,220.3099975585937,221.6300048828125,113291800.0,-0.0023991056525896,0.0064718639612714,187.2731674194336,185.9707556152344,188.243447248362,70.1204635017284,buy_hold,1
2016-12-31,194.09034729003903,223.52999877929688,224.8300018310547,222.72999572753903,224.72999572753903,108998300.0,-0.0036550935223939,0.005059075885632,194.69657211303712,189.7246014404297,194.22622683849684,42.49027038508035,buy_hold,1
2017-01-31,197.5635528564453,227.52999877929688,227.6000061035156,226.32000732421875,226.97999572753903,75880800.0,-8.78083001933927e-05,0.0041745832140196,197.16326370239256,194.75585540771485,197.0652255961047,54.97642804833381,buy_hold,1
2017-02-28,205.32614135742188,236.47000122070312,236.9499969482422,236.0200042724609,236.6699981689453,96961900.0,-0.0026991686524974,0.0028426169260375,201.97493591308591,198.73437866210932,202.6413312563641,89.09645325878265,buy_hold,1
2017-03-31,205.58273315429688,235.7400054931641,236.509994506836,235.67999267578125,235.8999938964844,73733100.0,-0.0023277417424777,0.0044322129677842,205.5875328063965,203.1816271972656,205.1561975095836,45.50266872275088,buy_hold,1
2017-04-30,207.6234741210937,238.0800018310547,238.92999267578125,237.92999267578125,238.8999938964844,63532800.0,-0.0021792934126204,0.0046714231438974,205.43974990844723,205.5515853881836,205.86735451273617,60.55715258776929,buy_hold,1
2017-05-31,210.5535888671875,241.44000244140625,241.8800048828125,240.63999938964844,241.83999633789065,91796000.0,-0.0002483649788569,0.0050654116792405,208.9550804138184,206.81727783203124,208.9435706140784,56.06168696056336,buy_hold,1
2017-06-30,211.8958740234375,241.8000030517578,242.7100067138672,241.5800018310547,242.27999877929688,86820700.0,0.0018647336212835,0.0045165262421537,212.67635803222657,210.3441748046875,212.19702097480507,48.54376986118093,buy_hold,1
2017-07-31,216.2511749267578,246.7700042724609,247.47999572753903,246.52999877929688,247.3699951171875,65838700.0,-0.0005671256538746,0.0035155788699615,214.7395385742188,213.04271728515624,215.15799957121183,85.12200267586037,buy_hold,1
2017-08-31,216.88214111328125,247.4900054931641,247.7700042724609,246.0500030517578,246.72000122070312,103803900.0,0.0060160284925814,0.0063014231287944,215.0431785583496,214.6594396972656,214.9964557291177,61.39285735308824,buy_hold,1
2017-09-30,221.2522430419922,251.22999572753903,251.32000732421875,250.1300048828125,250.33999633789065,85578000.0,0.0035150047774277,0.0034038994500756,218.854541015625,216.86979553222656,218.92862606829857,78.1694518264943,buy_hold,1
2017-10-31,226.46578979492188,257.1499938964844,257.44000244140625,256.8099975585937,257.17999267578125,60304800.0,0.0015577067139838,0.0032185806446816,225.010066986084,220.8216220092773,224.6742233193821,61.38974746688607,buy_hold,1
2017-11-30,233.38790893554688,265.010009765625,266.04998779296875,263.6700134277344,263.760009765625,127894400.0,0.0087549182812958,0.0041839026376519,228.4094581604004,225.5978237915039,228.6628429367864,75.63663803684169,buy_hold,1
2017-12-31,236.2184295654297,266.8599853515625,268.54998779296875,266.6400146484375,268.5299987792969,96007400.0,-0.0037708002628416,0.0034711216414421,235.0089859008789,230.55626922607425,234.8610667915651,63.408312347312496,buy_hold,1
2018-01-31,249.531494140625,281.8999938964844,283.29998779296875,280.67999267578125,282.7300109863281,108364800.0,0.0004965990277623,0.0054954940525221,246.77111206054687,238.8107327270508,246.8571860819084,68.99387077279431,mean_reversion,1
2018-02-28,240.45846557617188,271.6499938964844,276.19000244140625,271.2900085449219,275.67999267578125,121907800.0,-0.0101298665894303,0.0170106004562047,239.7237548828125,241.6913311767578,241.1313993038283,54.662568510163965,momentum,1
2018-03-31,233.8673858642578,263.1499938964844,265.260009765625,259.8399963378906,261.1199951171875,111601600.0,0.0127778621021461,0.0126428637337481,239.5537773132324,241.50631805419923,237.78293893806543,30.19681450798236,buy_hold,1
2018-04-30,235.07606506347656,264.510009765625,267.8900146484375,264.42999267578125,267.260009765625,82182300.0,-0.0076905225217889,0.0097758669171585,235.7181297302246,238.0827478027344,236.21909841558707,48.58543375907324,buy_hold,1
2018-05-31,240.7904815673828,270.94000244140625,272.489990234375,270.260009765625,272.1499938964844,93519900.0,-0.0061263841567156,0.0066202045081801,240.5492416381836,237.19137420654292,240.49806756052203,47.0068542561675,buy_hold,1
2018-06-30,242.17526245117188,271.2799987792969,273.6600036621094,271.1499938964844,272.1199951171875,97592500.0,0.0014395158522155,0.0050298982098547,245.2416160583496,241.57772766113283,243.78687313817764,30.077711494665053,buy_hold,1
2018-07-31,251.14700317382807,281.3299865722656,282.0199890136719,280.3800048828125,280.8099975585937,68570500.0,0.0049294703589775,0.0054426205397024,249.2661163330078,246.2125439453125,249.4390203933698,64.1005842756729,buy_hold,1
2018-08-31,259.16357421875,290.3099975585937,290.8099975585937,289.2900085449219,289.8399963378906,66140800.0,3.438538479838549e-05,0.0045197708870786,255.4981376647949,250.96155334472647,255.80834000077843,75.80140566951941,buy_hold,1
2018-09-30,260.7044677734375,290.7200012207031,291.2799987792969,289.95001220703125,289.989990234375,70091400.0,0.0001031388512344,0.0034331435241355,259.37293853759763,256.08464233398433,259.3738492830027,66.6900530542429,mean_reversion,1
2018-10-31,242.68865966796875,270.6300048828125,273.2300109863281,270.1199951171875,270.6499938964844,128296300.0,0.010680593458656,0.0148472084733584,247.4329559326172,254.49831848144527,246.448015988152,48.2601753914514,buy_hold,1
2018-11-30,247.19039916992188,275.6499938964844,276.2799987792969,273.45001220703125,273.8099975585937,98204200.0,0.0060954971151534,0.01192586755464,244.04501495361328,248.4876248168945,243.7391988257815,47.14638599604828,mean_reversion,1
2018-12-31,225.4255828857422,249.9199981689453,250.19000244140625,247.47000122070312,249.5599975585937,144299400.0,0.0087586262793339,0.0185194014473997,231.4750518798828,238.67078948974608,229.16994652520492,36.62912501331133,buy_hold,1
2019-01-31,243.47450256347656,269.92999267578125,270.4700012207031,267.2699890136719,267.510009765625,104012100.0,0.0087825277282753,0.0117689174585884,235.05936126708983,234.52414581298828,236.2567636069629,71.12835372105921,buy_hold,1
2019-02-28,251.366943359375,278.67999267578125,279.45001220703125,278.32000732421875,278.9599914550781,69268300.0,-0.0018623607720668,0.0052251744772996,248.02053833007807,237.4335482788086,247.69523001261348,81.8182161972732,buy_hold,1
2019-03-31,255.91680908203125,282.4800109863281,282.8399963378906,281.1400146484375,282.3900146484375,82186800.0,0.0063055783605494,0.0075017655746698,253.18220443725585,248.4704574584961,253.20541275724904,62.15631623148617,buy_hold,1
2019-04-30,266.37158203125,294.0199890136719,294.3399963378906,291.9200134277344,293.489990234375,81111700.0,0.0005100862974316,0.0032387661499396,262.6947509765625,256.80905853271486,262.4794958605396,82.47810292765325,mean_reversion,1
2019-05-31,249.38479614257807,275.2699890136719,277.1199951171875,275.239990234375,276.20001220703125,86862800.0,-0.0134750438252806,0.009624719513286,257.91260452270507,259.625612487793,256.8956473701482,31.368028364964147,buy_hold,1
2019-06-30,266.7385559082031,293.0,293.54998779296875,292.010009765625,292.5799865722656,59350900.0,0.0051457362527849,0.0067031692152077,262.1950103759765,260.9828854370117,263.17407668899324,67.93289408116951,buy_hold,1
2019-07-31,270.77154541015625,297.42999267578125,301.20001220703125,295.20001220703125,300.989990234375,104245200.0,-0.0109402911785312,0.0052402296946319,272.43294525146484,265.39600982666013,271.6039923418107,45.17961791761144,mean_reversion,1
2019-08-31,266.23785400390625,292.45001220703125,294.239990234375,291.4200134277344,294.2200012207031,62901200.0,-0.0004446627466225,0.0150476163144073,263.2664291381836,267.6806317138672,264.6009030760572,54.99077155315983,buy_hold,1
2019-09-30,271.4183044433594,296.7699890136719,297.54998779296875,295.9200134277344,295.9700012207031,51662400.0,0.0046377532566612,0.0054443320038534,271.8194381713867,268.4462921142578,271.0169167878745,50.036169551729415,buy_hold,1
2019-10-31,277.4178771972656,303.3299865722656,304.1300048828125,301.7300109863281,304.1300048828125,69053800.0,-0.0026634978681704,0.006696750403394,272.63743896484374,270.6160327148437,273.86750426828416,73.42114539984328,buy_hold,1
2019-11-30,287.4599914550781,314.3099975585937,315.1300048828125,314.0599975585937,314.8599853515625,36592700.0,-0.0037084785940654,0.0035645400689968,283.78063049316404,276.54305236816407,283.5126751262808,71.67111039293313,buy_hold,1
2019-12-31,295.812255859375,321.8599853515625,322.1300048828125,320.1499938964844,320.5299987792969,57077300.0,0.002429241239064,0.004255056896249,291.14258575439453,285.32794006347655,291.96071054286494,86.30719289754533,mean_reversion,1
2020-01-31,295.6927795410156,321.7300109863281,327.1700134277344,320.7300109863281,327.0,113845600.0,-0.0181578648969326,0.0075525785984093,300.6098098754883,294.1230279541016,299.6087268703008,42.68384686752283,momentum,1
2020-02-29,272.28399658203125,296.260009765625,297.8900146484375,285.5400085449219,288.70001220703125,384975800.0,-0.004202078337901,0.0156120515812662,300.6194564819336,299.5038513183593,296.5062310506286,14.542340632960672,momentum,1
2020-03-31,238.28358459472656,257.75,263.3299865722656,256.2200012207031,260.5599975585937,194881100.0,-0.0149054647167587,0.0580768191873351,240.2317687988281,275.84391845703124,242.488730592192,45.75861713127478,buy_hold,1
2020-04-30,268.5417175292969,290.4800109863281,293.32000732421875,288.5899963378906,291.7099914550781,122901700.0,-0.0093105661905948,0.0231957103719168,255.96143112182617,254.86592681884767,257.7824264089127,59.48120259742775,buy_hold,1
2020-05-31,281.3363952636719,304.32000732421875,304.9599914550781,299.4700012207031,302.4599914550781,119090800.0,0.0044560137390399,0.0141152999728389,269.626091003418,255.73703094482423,270.8511288039719,63.21182578509262,buy_hold,1
2020-06-30,286.32568359375,308.3599853515625,310.20001220703125,303.82000732421875,303.989990234375,113394800.0,0.0128093013786452,0.0189411285481792,287.53806762695314,276.1947802734375,284.3194162680034,42.78307840207606,buy_hold,1
2020-07-31,303.1880798339844,326.5199890136719,326.6300048828125,321.3299865722656,325.8999938964844,84986800.0,0.0079020170179964,0.0085496470879595,297.9288543701172,290.3826873779297,297.54980744487017,68.14793782950709,buy_hold,1
2020-08-31,324.3496398925781,349.3099975585937,351.29998779296875,349.0599975585937,350.3500061035156,66099200.0,-0.003622691135558,0.0052187989307374,315.00477447509763,302.7156823730469,315.2757139358906,85.75090704384128,mean_reversion,1
2020-09-30,312.20477294921875,334.8900146484375,338.2900085449219,332.8800048828125,333.0899963378906,104081100.0,0.0075820348037094,0.0155901955979188,311.8052856445312,311.4894152832031,310.716607926417,52.59137044385025,momentum,1
2020-10-31,304.42041015625,326.5400085449219,329.69000244140625,322.6000061035156,328.2799987792969,120287300.0,-0.0104249511548971,0.0132302330916943,318.39781188964844,316.12244934082025,315.2374186348095,18.709209801674973,buy_hold,1
2020-11-30,337.5342712402344,362.05999755859375,363.1199951171875,359.1700134277344,362.8299865722656,83872700.0,-0.0044271991547419,0.0102382401428239,330.411848449707,321.1364166259765,331.1895950785249,60.05893700887656,buy_hold,1
2020-12-31,350.0394592285156,373.8800048828125,374.6600036621094,371.2300109863281,371.7799987792969,78520700.0,0.0050808308016661,0.0052833553988315,344.7913421630859,333.9732049560547,344.1606382339607,70.64241453767576,mean_reversion,1
2021-01-31,346.47235107421875,370.0700073242188,376.6700134277344,368.2699890136719,375.6300048828125,126765100.0,-0.0200196182418574,0.0103146409213551,353.86254119873047,346.51750549316404,352.8553452437645,35.98805225465122,buy_hold,2
2021-02-28,356.1062316894531,380.3599853515625,385.5799865722656,378.2300109863281,384.3500061035156,152701600.0,-0.0051526404842016,0.0100284178431026,361.9586242675781,355.49149047851563,361.3690585983956,36.74728111379115,buy_hold,2
2021-03-31,372.273193359375,396.3299865722656,398.0,395.30999755859375,395.3399963378906,112734200.0,0.0040533682233905,0.0088974817835619,366.56522369384766,363.1020825195312,367.3556150638776,56.65538766452667,buy_hold,2
2021-04-30,391.9702758789063,417.2999877929688,418.5400085449219,416.3399963378906,417.6300048828125,85527000.0,-0.0065705610001922,0.0064955519561172,388.42493286132816,374.6194494628906,387.215328739764,58.7887428537988,buy_hold,2
2021-05-31,394.54400634765625,420.0400085449219,421.25,419.7900085449219,420.9700012207031,58520200.0,0.0017887177503501,0.0088445226057871,390.7271591186524,385.5316064453125,390.72123845086384,52.55229808308147,buy_hold,2
2021-06-30,403.39263916015625,428.05999755859375,428.7799987792969,427.1799926757813,427.2099914550781,64827900.0,0.0008417344621172,0.0056685022609459,398.1765594482422,393.9925592041016,398.3582670567469,61.77662033252286,buy_hold,2
2021-07-31,413.2404479980469,438.510009765625,440.05999755859375,437.7699890136719,437.9100036621094,68951200.0,-0.0048563460488108,0.0072662359519689,410.2413330078125,402.2283972167969,409.738698022839,52.00790813612252,buy_hold,2
2021-08-31,425.5384216308594,451.55999755859375,452.489990234375,450.9200134277344,452.1300048828125,59300200.0,-0.0014814463665644,0.0052038545246805,419.38943634033205,412.704609375,419.58526151039285,62.96666511943713,mean_reversion,2
2021-09-30,405.7059631347656,429.1400146484375,436.7699890136719,428.7799987792969,436.0199890136719,140506000.0,-0.0122223815577616,0.0082237177444203,418.2653045654297,418.0654479980469,416.14497233974726,34.02552533088577,buy_hold,2
2021-10-31,434.17181396484375,459.25,459.55999755859375,455.55999755859375,455.8699951171875,70162400.0,0.0020292107461186,0.0067302398611329,420.9358108520508,420.027279663086,424.2726381382622,88.76264131525721,mean_reversion,2
2021-11-30,430.6832885742188,455.55999755859375,464.0299987792969,455.2999877929688,462.0,148559600.0,-0.0194575352074901,0.0082617022563025,440.5924270629883,427.66993835449216,437.9242056849449,35.696992660356955,buy_hold,2
2021-12-31,450.6014404296875,474.9599914550781,476.8599853515625,474.6700134277344,475.6400146484375,65237400.0,-0.002520095777691,0.0103632456539523,442.8939224243164,439.5703350830078,444.4285339717727,55.39929392209464,mean_reversion,2
2022-01-31,426.836181640625,449.9100036621094,450.2799987792969,439.80999755859375,441.239990234375,152251400.0,0.0180112844289974,0.0117643527709781,432.469612121582,437.70488708496094,428.25828036898906,38.53949009575059,momentum,2
2022-02-28,414.2372131347656,436.6300048828125,438.2000122070313,430.7000122070313,432.0299987792969,145615000.0,-0.0025586131771334,0.0144324758267349,420.19704284667966,430.50837463378906,417.8806082858876,43.18153306768698,buy_hold,2
2022-03-31,429.80859375,451.6400146484375,458.760009765625,451.1600036621094,457.8900146484375,121699900.0,-0.0153912234833502,0.0147730473042423,416.8637832641601,417.7266101074219,422.8842174754277,73.2626818427122,mean_reversion,2
2022-04-30,392.0846862792969,412.0,425.8699951171875,411.2099914550781,423.5899963378906,145491100.0,-0.0369555190977726,0.0157091686559898,416.6579986572266,415.5497442626953,412.29641387490335,29.897138151241503,buy_hold,2
2022-05-31,392.9697265625,412.9299926757813,416.4599914550781,410.0299987792969,413.5499877929688,95937000.0,-0.0056108773395709,0.0201637423643846,383.3150955200196,405.3198028564453,386.4962864925857,58.754983158890646,mean_reversion,2
2022-06-30,360.5652160644531,377.25,380.6600036621094,372.55999755859375,376.239990234375,112508300.0,-0.0081242300160975,0.0191648952499262,370.0851486206055,381.9576666259766,368.44638428929176,36.70043955927624,buy_hold,2
2022-07-31,393.768798828125,411.989990234375,413.0299987792969,406.7699890136719,407.5799865722656,87003700.0,0.0145787624073046,0.0120772305690108,372.7260208129883,373.2996649169922,375.8586515448332,71.85131008482563,mean_reversion,2
2022-08-31,377.7022399902344,395.1799926757813,401.239990234375,395.0400085449219,399.9299926757813,76029700.0,-0.0076089837887232,0.0123949936479008,397.3390777587891,382.6267712402344,392.03316947330165,29.67394881308704,momentum,2
2022-09-30,342.78515625,357.17999267578125,365.9100036621094,357.0400085449219,361.7999877929688,153711200.0,-0.0154637553251624,0.0153521061630514,367.4623764038086,382.9625531005859,364.4715902302619,15.434327906115342,buy_hold,2
2022-10-31,370.645263671875,386.2099914550781,388.3999938964844,385.260009765625,386.4400024414063,96631300.0,-0.0072233422638763,0.0172318842523698,356.8227584838868,366.6488995361328,360.92999071567766,69.1201877962346,buy_hold,2
2022-11-30,391.2500305175781,407.6799926757813,407.6799926757813,393.4800109863281,395.489990234375,144566700.0,0.0315007048055508,0.0179608580982448,375.6693176269531,363.80110595703127,377.4628331177279,75.38199498163215,mean_reversion,2
2022-12-31,368.7029418945313,382.4299926757813,382.5799865722656,378.4299926757813,380.6400146484375,84022200.0,-0.0026342362547515,0.0116249223494823,374.6717437744141,373.6996453857422,372.4327225206224,42.019100732896206,buy_hold,2
2023-01-31,391.8897705078125,406.4800109863281,406.5299987792969,400.7699890136719,401.1300048828125,86811800.0,0.0147034060726962,0.0104526618667736,380.52870178222656,378.7737432861328,382.488699477737,67.03819960069825,mean_reversion,2
2023-02-28,382.03656005859375,396.260009765625,399.2799987792969,396.1499938964844,397.2300109863281,96438600.0,-0.0036959767812436,0.0101931196499759,392.4325073242188,382.4370324707031,388.42125094820346,26.35507751772484,buy_hold,2
2023-03-31,396.2016296386719,409.3900146484375,409.7000122070313,404.5499877929688,404.6600036621094,112062600.0,0.0140945855632725,0.0116714674867003,382.19510650634766,387.07244750976565,384.6927132015105,73.18372477929192,buy_hold,2
2023-04-30,402.5309143066406,415.9299926757813,415.9400024414063,411.4299926757813,411.489990234375,89433100.0,0.0085350720842982,0.0079593219091963,397.6092727661133,388.8571520996094,395.98175708604015,59.61066872796007,buy_hold,2
2023-05-31,404.3891296386719,417.8500061035156,419.2200012207031,416.2200012207031,418.2799987792969,110811800.0,-0.0055451027027497,0.0080182696959768,400.6161834716797,396.77939575195313,401.40912797601305,57.28439277891304,buy_hold,2
2023-06-30,430.5934753417969,443.2799987792969,444.2999877929688,441.1099853515625,441.4400024414063,104964000.0,0.0118008281461554,0.0066184360685457,421.07276458740233,408.4919305419922,420.2530099734496,70.14669560724913,buy_hold,2
2023-07-31,444.6881408691406,457.7900085449219,458.1600036621094,456.0499877929688,457.4100036621094,62040400.0,0.0019040351697821,0.0050298113202845,436.5892807006836,423.9008282470703,436.7952432894857,77.40410805807936,mean_reversion,2
2023-08-31,437.4610595703125,450.3500061035156,452.8299865722656,450.1600036621094,451.6499938964844,66084600.0,-0.0014635266995056,0.0076846092723943,431.17966918945314,432.79419799804697,432.1464187222091,55.30226452061999,momentum,2
2023-09-30,416.7103576660156,427.4800109863281,431.8500061035156,425.9100036621094,431.6700134277344,115111300.0,-0.0024268730881041,0.0068756773571917,428.1589965820313,431.93640441894536,425.1856151475377,24.15766990939271,momentum,2
2023-10-31,407.6641540527344,418.2000122070313,418.5299987792969,414.2099914550781,416.1799926757813,79665200.0,0.0062802406544226,0.0087866071652796,415.0512313842773,422.8280017089844,413.198320847117,31.3503895881276,buy_hold,2
2023-11-30,444.9017333984375,456.3999938964844,456.760009765625,453.3399963378906,455.4800109863281,79752700.0,0.0039374403077727,0.0070836955103447,435.1371109008789,423.3926477050781,435.7048287735199,90.78102964711849,buy_hold,2
2023-12-31,465.2138671875,475.30999755859375,477.0299987792969,473.2999877929688,476.489990234375,122283100.0,-0.0028950076358605,0.005971498963117,456.6134353637696,438.36835205078125,457.2005887199672,74.63712411980376,buy_hold,2
2024-01-31,472.6230773925781,482.8800048828125,489.0799865722656,482.8599853515625,488.6199951171875,126011100.0,-0.016317333606033,0.0070618842560142,468.9419876098633,459.1952313232422,470.4406705010621,59.42160077271106,buy_hold,2
2024-02-29,497.2878112792969,508.0799865722656,509.739990234375,505.3500061035156,508.0700073242188,83924800.0,0.0035949297017872,0.0076459293904128,489.3515594482422,476.06911376953127,488.9916502670116,62.335676560555456,buy_hold,2
2024-03-31,513.5501098632812,523.0700073242188,524.6099853515625,522.780029296875,523.2100219726562,96294900.0,-0.0001910734250731,0.0061316508410407,505.5689376831055,492.9684954833984,505.5095941360234,70.53781972127382,mean_reversion,2
2024-04-30,492.8439636230469,501.9800109863281,509.55999755859375,501.9800109863281,508.55999755859375,77483600.0,-0.0158412310657202,0.0086627986135311,499.2305435180664,501.3776416015625,498.2292811104252,38.76350542288365,buy_hold,2
2024-05-31,517.7718505859375,527.3699951171875,527.5,518.3599853515625,523.5900268554688,90785800.0,0.009108075244635,0.0059426561270491,514.8495162963867,507.2406628417969,514.0248140172312,59.62839386217391,buy_hold,2
2024-06-30,536.0388793945312,544.219970703125,550.280029296875,542.9500122070312,547.1599731445312,76144500.0,-0.0039350552564733,0.0042434215341331,530.5358856201171,516.4767156982422,531.0076663291443,74.64355583779742,buy_hold,2
2024-07-31,542.5298461914062,550.8099975585938,553.5,547.5800170898438,548.97998046875,65663400.0,0.0162545920511612,0.0093872284010621,544.1969207763672,534.41654296875,540.2933168970461,45.57520412091154,buy_hold,2
2024-08-31,555.2064208984375,563.6799926757812,564.2000122070312,557.1400146484375,560.77001953125,62700100.0,0.0095460988956534,0.0111430542506802,539.182453918457,540.4854632568359,544.9558879460129,80.27073839313692,buy_hold,2
2024-09-30,566.8682861328125,573.760009765625,574.3800048828125,568.0800170898438,570.4199829101562,63557400.0,0.0040072424185457,0.0085840822983479,553.1113189697265,544.199955444336,556.4830821513018,86.88222388286857,mean_reversion,2
2024-10-31,561.809814453125,568.6400146484375,575.6300048828125,568.4400024414062,575.5599975585938,60182500.0,-0.019603160849788,0.0072485715737677,571.7790893554687,560.8942248535157,570.0853626917877,35.60546821021623,buy_hold,2
2024-11-30,595.3125,602.5499877929688,603.3499755859375,599.3800048828125,599.6599731445312,30177400.0,0.006212175872964,0.0074889762085321,584.4954864501954,575.1818139648437,585.0932270268803,56.30065151755918,mean_reversion,2
2024-12-31,580.9891357421875,586.0800170898438,590.6400146484375,584.4199829101562,589.9099731445312,57052700.0,-0.0036381776914539,0.0092254437200475,593.0284393310546,585.9738928222656,589.8254651609019,38.43439990852944,buy_hold,2
2025-01-31,596.5924682617188,601.8200073242188,609.9600219726562,601.0499877929688,607.5,66566900.0,-0.0053218380464661,0.0087838220844284,590.6202728271485,591.253798828125,593.6212914207571,68.96670659626793,mean_reversion,2
2025-02-28,589.018798828125,594.1799926757812,594.719970703125,582.4400024414062,585.5599975585938,88744100.0,0.0156055489062161,0.0081182945726875,597.0479614257813,592.6655578613281,594.7311458614544,43.8674775143325,momentum,2
2025-03-31,556.1991577148438,559.3900146484375,560.7100219726562,546.8699951171875,549.8300170898438,95328200.0,0.0067127684336825,0.0129187015795039,561.832275390625,582.892392578125,565.5365757047126,53.42101110946696,momentum,2
2025-04-30,551.3768310546875,554.5399780273438,556.52001953125,541.52001953125,547.5700073242188,93101500.0,0.0003970023608628,0.0340501512826681,530.7993576049805,554.7195635986328,539.6363033026812,52.792985447746496,buy_hold,2
2025-05-31,586.0280151367188,589.3900146484375,591.1300048828125,583.239990234375,588.9299926757812,90601200.0,-0.0011185744002305,0.0109216196389663,577.326937866211,555.5557135009766,576.0924223479303,69.2247753057246,buy_hold,2
2025-06-30,616.1417846679688,617.8499755859375,619.219970703125,615.0399780273438,617.3800048828125,92502500.0,0.004781209119572,0.0062619559124948,598.8133178710938,578.2073413085938,598.8572191434391,69.9078170911171,buy_hold,2
2025-07-31,630.3324584960938,632.0800170898438,639.8499755859375,630.77001953125,639.4600219726562,103385200.0,-0.0037512107798256,0.0042570712112277,626.7000183105469,608.2877124023438,625.6037484418894,67.08417378579338,buy_hold,2
2025-08-31,643.2666015625,645.0499877929688,647.8400268554688,643.1400146484375,647.469970703125,74522200.0,-0.0059636821846902,0.0065716474437564,638.4075531005859,627.9606213378906,638.5815318372523,61.03992409788531,buy_hold,2
2025-09-30,666.1799926757812,666.1799926757812,666.6500244140625,661.6099853515625,662.9299926757812,86288000.0,0.0037668756442703,0.0041171346710594,656.5869842529297,644.3539013671875,656.9652147621304,71.17637418466681,buy_hold,2
2025-10-31,682.0599975585938,682.0599975585938,685.0800170898438,679.239990234375,685.0399780273438,87164100.0,0.0032802030105936,0.0092677707630838,671.7234954833984,661.4883984375,673.4284326647178,68.35202551653792,mean_reversion,2
2025-11-30,670.969970703125,670.969970703125,671.0800170898438,661.2100219726562,667.9099731445312,100516700.0,0.0009845789961884,0.0075547535965732,673.6944976806641,664.6459204101562,674.0095736971173,49.68587804841208,,2
